artist,track,album,tags,duration_ms
Travis Scott,Pray 4 Love (feat. The Weeknd),Rodeo (Deluxe),pop rap|synthpop|The Weeknd,307000
Lynn Anderson,I've Been Everywhere,The Best Of The Johnny Cash TV Show,country|female vocalists|70s,137000
Travis Scott,I Can Tell,Rodeo (expanded edition),Hip-Hop|trap|rap,235000
Anita Bryant,My Little Corner of the World,The Very Best Of,60s|pop|oldies,156000
Jody Miller,There's a Party Goin' On,Anthology,country|70s|female vocalist,157000
Joni James,You Are My Love,Platinum & Gold: The Mgm Years,jazz|jazz vocal|50s,161000
Travis Scott,Pornography,Rodeo (expanded edition),Hip-Hop|trap|rap,231000
Lynn Anderson,Keep Me in Mind,16 Biggest Hits,country|female vocalists|70s,177000
Jeannie C. Riley,Country Girl,Good Old Country,country|female vocalists|60s,157000
Joni James,How Important Can It Be,Dedicated to You!,jazz|jazz vocal|50s,154000
Ke$ha,Last Goodbye,Warrior (Deluxe Version),pop|dance|electropop,0
Joni James,Why Don't You Believe Me,Dedicated to You!,jazz|jazz vocal|50s,175000
Scandal,DOLL,Scandal,J-rock|japanese|j-pop,312000
Hi-Five,After The Club,The Return,rnb|90s|soul,297000
Ronnie Milsap,Show Her,The Essential Ronnie Milsap,country|classic country|Ronnie Milsap,224000
L.T.D.,Burnin' hot,Love magic,soul|funk|Disco,0
The Contours,Heaven Sent,Under Love's Control,soul|motown|rhythm and blues,259000
Juice Newton,Hurt,Anthology,country|female vocalists|80s,212000
Dino,Wait,Wait,pop|House|kurdish,158000
Sleep Token,The Apparition,Take Me Back to Eden,alternative metal|alternative pop|trap,268000
Sleep Token,Ascensionism,Take Me Back to Eden,Progressive metal|alternative metal|DJENT,428000
Flo Rida,Confessions (feat. HEESEUNG & JAKE of ENHYPEN x Paul Russell),Confessions (feat. HEESEUNG & JAKE of ENHYPEN x Paul Russell),Hip-Hop|rap|hip hop,158000
Sleep Token,Euclid,Take Me Back to Eden,Progressive metal|alternative metal|DJENT,313000
Tony Toni Tone,Oakland Stroke,The Revival,soul|rnb|new jack swing,279000
Gracie Abrams,Right Now,Good Riddance,pop|indie pop|my top songs,370000
Ronnie Milsap,Where Do the Nights Go,The Essential Ronnie Milsap,country|classic country|Ronnie Milsap,272000
Ronnie Milsap,How Do I Turn You On,The Essential Ronnie Milsap,country|classic country|Ronnie Milsap,285000
En Vogue,With My Honey,The Gift of Christmas,rnb|soul|90s,226000
Cameo,Promiscuous,Machismo,funk|80s|soul,270000
Silk,Superstar,Tonight,rnb|soul|silk,279000
The Marvelettes,Barefootin',The Marvelettes,soul|motown|60s,138000
David Archuleta,Zero Gravity,Fan Pack - EP,pop|American Idol|male vocalists,206000
Ke$ha,Supernatural,Warrior (Deluxe Version),pop|dance|electropop,0
Eddie Rabbitt,The Best Year Of My Life,Number One Hits,country|80s|pop,192000
Ke$ha,Out Alive,Warrior (Deluxe Version),pop|dance|electropop,0
BLACKPINK,THE GIRLS (BLACKPINK THE GAME OST),THE GIRLS (BLACKPINK THE GAME OST) - Single,k-pop|Kpop|pop,162000
Annie Lennox,Loneliness,Bare,pop|female vocalists|80s,241000
The Miracles,Determination,The 35th Anniversary Collection,soul|motown|60s,139000
5 Seconds Of Summer,Bad Omens,5SOS5,australian|pop rock|linedance 2022,290000
AJR,Inertia,The Maybe Man,indie pop|pop|indie,220000
David Cook,Fade Into Me,This Loud Morning,rock|alternative rock|American Idol,246000
Eve,Ghost Avenue,Ghost Avenue,Hip-Hop|rap|female vocalists,0
Kelly Clarkson,What Doesn't Kill You (Stronger),Stronger,pop|female vocalists|pop rock,0
Gracie Abrams,Full machine,Good Riddance,pop|indie pop|my top songs,255000
Demi Lovato,SKIN OF MY TEETH,SKIN OF MY TEETH,pop|pop rock|female vocalists,162000
Kylie Minogue,Timebomb,Timebomb,pop|dance|female vocalists,177000
Zayn,Too Much (feat. Timbaland),,pop|rnb|british,187000
Christina Aguilera,Lift Me Up,Bionic,pop|female vocalists|soul,247000
Gracie Abrams,This Is What The Drugs Are For,Good Riddance,pop|indie pop|my top songs,245000
5 Seconds Of Summer,BLENDER,5SOS5,pop punk|pop rock|pop,147000
Skeeter Davis,Gonna Get Along Without Ya Now,Highlight On Lady Rock,60s|country|female vocalists,0
Scandal,Shoujo S,Shoujo S,J-rock|japanese|j-pop,191000
Tate McRae,think later,THINK LATER,pop|my top songs|Canadian,133000
Zayn,Sour Diesel,Sour Diesel,pop|rnb|british,241000
Fantasia,The Thrill Is Gone,,rnb|soul|female vocalists,218000
The Kid LAROI,WHAT JUST HAPPENED,THE FIRST TIME,Hip-Hop|rap|emo rap,161000
Scandal,LOVE SURVIVE,Scandal,J-rock|japanese|j-pop,222000
5 Seconds Of Summer,No Shame,CALM,pop punk|pop rock|pop,192000
The Kid LAROI,NOT FAIR (feat. Corbin),F*CK LOVE,Hip-Hop|rap|emo rap,166000
Skeeter Davis,Optimistic,The Essential Skeeter Davis,60s|country|female vocalists,121000
Selena Gomez,Vulnerable,Rare,pop|female vocalists|Disney,192000
Noah Kahan,No Complaints,Stick Season (We'll All Be Here Forever),indie|folk|singer-songwriter,205000
Eve,Insomnia,Insomnia,Hip-Hop|rap|female vocalists,204000
Dino,ICARUS,"CASTAWAY DIVA (Original Soundtrack), Pt. 3 - Single",pop|House|kurdish,211000
Jade,FUFN (Fuck You For Now),FUFN (Fuck You For Now),Drum and bass|neurofunk|rnb,215000
Leona Lewis,Glassheart,Glassheart,pop|female vocalists|rnb,236000
Fuerza Regida,Ch y la Pizza,Ch y la Pizza,Corridos tumbados|mexico|corridos,136000
Kylie Minogue,Tension,Tension (Deluxe),pop|dance|female vocalists,216000
Christina Aguilera,Vanity,Bionic,pop|female vocalists|soul,262000
Camila Cabello,B.O.A.T.,"C,XOXO (Target Exclusive)",pop|female vocalists|cuba,176000
The Kid LAROI,I THOUGHT THAT I NEEDED YOU,,Hip-Hop|rap|emo rap,171000
Leona Lewis,I See You,Avatar Music From The Motion Picture Music Composed And Conducted By James Horner,pop|female vocalists|rnb,225000
Tate McRae,messier,THINK LATER,pop|my top songs|Canadian,237000
Camila Cabello,Dade County Dreaming (feat. JT & Yung Miami),"C,XOXO (Target Exclusive)",pop|female vocalists|cuba,159000
Camila Cabello,June Gloom,"C,XOXO (Target Exclusive)",pop|female vocalists|cuba,180000
AJR,Maybe Man,The Maybe Man,indie pop|pop|indie,220000
Noah Kahan,"Your Needs, My Needs",Stick Season (We'll All Be Here Forever),indie|folk|singer-songwriter,207000
Kylie Minogue,Say Something,Magic,pop|dance|female vocalists,212000
Christina Aguilera,Desnudate,Bionic,pop|female vocalists|soul,265000
Dua Lipa,New Love,Dua Lipa (Deluxe),pop|synthpop|electropop,271000
AJR,The DJ Is Crying For Help,The DJ Is Crying For Help,indie pop|pop|indie,219000
After 7,Sprung On It,Reflections,rnb|90s|soul,0
Jade,IT girl,IT girl,Drum and bass|neurofunk|rnb,153000
Eve,Kororon,Bokurano - EP,Hip-Hop|rap|female vocalists,235000
Lynn Anderson,I Never Promised You a Rose Garden,Rosey Lynn Anderson - [The Dave Cash Collection],country|female vocalists|70s,155000
Tate McRae,calgary,THINK LATER,pop|my top songs|Canadian,140000
Iggy Azalea,Change Your Life,The New Classic,Hip-Hop|rap|pop,222000
Demi Lovato,Fast,Fast,pop|pop rock|female vocalists,181000
Polo G,Chosen 1,Die A Legend,rap|Hip-Hop|trap,127000
YoungBoy Never Broke Again,House Arrest Tingz,Top,rap|trap|Hip-Hop,180000
Demi Lovato,SUBSTANCE,SUBSTANCE,pop|pop rock|female vocalists,160000
Halsey,Lonely Is the Muse,Lonely Is The Muse,pop|indie pop|indie,240000
Jade,Plastic Box,Plastic Box,Drum and bass|neurofunk|rnb,201000
Sting,What Could Have Been feat. Ray Chen (from the series Arcane League of Legends),,rock|pop|classic rock,213000
Martha & The Vandellas,Something,Motown Meets The Beatles,soul|motown|60s,168000
Martha Reeves & The Vandellas,Something,Motown Meets The Beatles,soul|motown|60s,168000
Tanya Tucker,(Without You) What Do I Do With Me,20 Greatest Hits,country|female vocalists|classic country,176000
Adam Lambert,Voodoo,For Your Entertainment (Deluxe Version),pop|rock|glam,193000
NF,Hate Myself,The Search,Hip-Hop|rap|christian,260000
Halsey,honey,"If I Can't Have Love, I Want Power - Live Performance Digital Album",pop|indie pop|indie,173000
NF,RUNNING,HOPE,Hip-Hop|rap|christian,253000
Fuerza Regida,Igualito a Mi Apá,Pa Que Hablen,Corridos tumbados|mexico|corridos,166000
Keith Sweat,I Want to Love You Down,Keep It Comin',rnb|soul|slow jams,308000
Halsey,Easier than Lying,"If I Can't Have Love, I Want Power",pop|indie pop|indie,206000
Carly Rae Jepsen,Cry,E•MO•TION: Side B,pop|Canadian|female vocalists,236000
David Cook,Goodbye To The Girl,This Loud Morning,rock|alternative rock|American Idol,250000
Xscape,Keep It On The Real,Off The Hook,rnb|female vocalists|90s,263000
David Cook,Makeover,Analog Heart,rock|alternative rock|American Idol,217000
Cassadee Pope,Torn (The Voice Performance),Música Para Desconectar 3,pop rock|pop|country,208000
Lil Tjay,Leaked,Leaked - Single,rap|Hip-Hop|trap,220000
Machine Gun Kelly,concert for aliens,Tickets To My Downfall (SOLD OUT Deluxe),Hip-Hop|rap|pop punk,0
Morgan Wallen,Talkin' Tennessee,If I Know Me,country|country pop|contemporary country,221000
Lil Tjay,Move On - Bonus,,rap|Hip-Hop|trap,0
Sean Kingston,Replay,,rnb|Hip-Hop|reggae,0
Tracy Lawrence,Somebody Paints The Wall,Sticks And Stones,country|Tracy Lawrence|modern country,196000
Lil Tjay,None of Your Love - Bonus,,rap|Hip-Hop|trap,0
Jessie J,LaserLight (feat. David Guetta),Who You Are (Bonus Video Deluxe Edition),pop|british|female vocalists,210000
Jay Sean,Down (Ft. Lil Wayne),,rnb|pop|soul,0
Carly Rae Jepsen,Talking to Yourself,The Loneliest Time,pop|Canadian|female vocalists,171000
Polo G,Finer Things,Finer Things,rap|Hip-Hop|trap,182000
Surface,ゴーイング my 上へ,Surface,japanese|j-pop|J-rock,221000
Selena Gomez,Dance Again,Rare,pop|female vocalists|Disney,170000
Zach Bryan,From Austin,From Austin - Single,country|singer-songwriter|americana,207000
Niall Horan,Everywhere,Niall's Mix,pop|folk|irish,168000
Mariah Carey,Fly Like a Bird,The Emancipation of Mimi,pop|rnb|female vocalists,233000
Adam Lambert,Whatya Want From Me,Best Of 2010 - Die Zweite,pop|rock|glam,227000
Jason Derulo,Riding Solo,,rnb|pop|male vocalists,0
BLACKPINK,THE GIRLS - BLACKPINK THE GAME OST,THE GIRLS (BLACKPINK THE GAME OST),k-pop|Kpop|pop,162000
Noah Kahan,Godlight,I Was / I Am,indie|folk|singer-songwriter,247000
Zach Bryan,Fifth of May,The Greatest Day of My Life,country|singer-songwriter|americana,246000
Carly Rae Jepsen,Want You in My Room,Spotify Singles,pop|Canadian|female vocalists,166000
Fuerza Regida,UNA CERVEZA,Pa las Baby's Y Belikeada,Corridos tumbados|mexico|corridos,279000
Machine Gun Kelly,More Than Life (Feat. Glaive),More Than Life (feat. Glaive),Hip-Hop|rap|pop punk,196000
Imagine Dragons,Take Me to the Beach (feat. Ado),Take Me to the Beach (feat. Ado) - Single,indietronica|indie pop|anime,167000
Niall Horan,Heartbreak Weather,Songs For The Summer,pop|folk|irish,200000
Niall Horan,Still,Niall's Mix,pop|folk|irish,251000
Machine Gun Kelly,why are you here,why are you here,Hip-Hop|rap|pop punk,0
Kris Allen,Monster,Thank You Camellia (Deluxe Version),American Idol|singer-songwriter|pop,215000
NF,MOTTO,HOPE,Hip-Hop|rap|christian,217000
New Kids On The Block,Dirty Dancing,The Block,pop|boybands|80s,217000
Zach Bryan,Heavy Eyes,American Heartbreak,country|singer-songwriter|americana,190000
Taio Cruz,Break Your Heart (ft Ludacris),,rnb|pop|Hip-Hop,0
Kelsea Ballerini,Interlude,Rolling Up the Welcome Mat,country|pop|female vocalists,45000
Sean Kingston,Letting Go (Dutty Love) [feat. Nicki Minaj],Letting Go (Dutty Love) [feat. Nicki Minaj] - Single,rnb|Hip-Hop|reggae,230000
Billy Ray Cyrus,Somebody New,The Best Of Billy Ray Cyrus: Cover To Cover,country|rock|90s,225000
Selena Gomez,Ring,Rare,pop|female vocalists|Disney,148000
Jay Sean,2012 (It Ain't the End) [Feat. Nicki Minaj],2012 (It Ain't The End) [feat. Nicki Minaj] - Single,rnb|pop|soul,222000
Poco,Keep on Trying,Head Over Heels,country rock|classic rock|soft rock,176000
Fifth Harmony,He Like That,Fifth Harmony,pop|female vocalists|X factor,217000
Evanescence,Oceans,Evanescence,Gothic Rock|rock|female vocalists,218000
Lil Durk,Internet Sensation,Hip Hop & Rap - Våren 2021,rap|drill|Hip-Hop,125000
A Boogie Wit da Hoodie,4 Min Convo (Favorite Song),Hoodie SZN,Hip-Hop|rap|hip hop,257000
Rod Wave,Chip On My Shoulder,Ghetto Gospel,rap|trap|Hip-Hop,111000
Morgan Wallen,Silverado for Sale,Dangerous: The Double Album,country|country pop|contemporary country,0
David Archuleta,Waiting for Yesterday,David Archuleta (Deluxe),pop|American Idol|male vocalists,207000
Prism,Entweder,Entweder - Single,rock|classic rock|Canadian,207000
The Pussycat Dolls,React,"The Dome, Vol. 94",pop|rnb|dance,262000
YoungBoy Never Broke Again,Murder Business,Tracks from Top,rap|trap|Hip-Hop,132000
Tory Lanez,Poison Ivy,Alone at Prom (Deluxe) [Explicit],rnb|Hip-Hop|rap,187000
Megan Moroney,Noah,Am I Okay?,country|USA|want to see live,211000
Toni Braxton,Make My Heart,Pulse,soul|rnb|female vocalists,207000
Jason Derulo,Breathing,Future History,rnb|pop|male vocalists,233000
Lulu,piu piu,,60s|pop|female vocalists,0
YoungBoy Never Broke Again,FREEDDAWG,FREEDDAWG - Single,rap|trap|Hip-Hop,111000
Polo G,Unapologetic (with NLE Choppa),,rap|Hip-Hop|trap,168000
Adam Lambert,Master Plan,For Your Entertainment (Deluxe Version),pop|rock|glam,201000
Kelsea Ballerini,We Broke Up,PATTERNS [Explicit],country|pop|female vocalists,165000
Cassadee Pope,Over You (The Voice Performance),,pop rock|pop|country,216000
Rod Wave,Poison,Ghetto Gospel,rap|trap|Hip-Hop,195000
Kelsea Ballerini,How Do I Do This,Rolling Up the Welcome Mat (For Good),country|pop|female vocalists,171000
Dion,Reunited,Grove,oldies|doo wop|60s,130000
Nicki Minaj,Whip It,Pink Friday ... Roman Reloaded,Hip-Hop|rap|rnb,199000
A Boogie Wit da Hoodie,D.T.B. (Interlude),Artist,Hip-Hop|rap|hip hop,287000
A Boogie Wit da Hoodie,Skeezers,Hoodie SZN,Hip-Hop|rap|hip hop,198000
Rod Wave,2018,Nostalgia,rap|trap|Hip-Hop,194000
Megan Moroney,Bless Your Heart,Am I Okay? (I'll Be Fine),country|USA|want to see live,163000
Jordin Sparks,S.O.S (Let The Music Play),Essential R&B - Spring 2011,pop|rnb|female vocalists,212000
Connie Francis,Robot Man,Die Liebe Ist Ein Seltsames Spiel,oldies|female vocalists|50s,114000
Dion,Grove Stepper,Grove,oldies|doo wop|60s,177000
PARTYNEXTDOOR & Drake,Right Now,,rnb|Hip-Hop|r&b,0
6ix9ine,TROLLZ (with Nicki Minaj),,Hip-Hop|rap|trap,202000
New Kids On The Block,Big Girl Now,The Block,pop|boybands|80s,209000
The Carters,SALUD!,SALUD!,Hip-Hop|rap|rnb,209000
Iggy Azalea,Started,In My Defense,Hip-Hop|rap|pop,186000
Pop Smoke,Flexin',Flexin',drill|rap|trap,158000
Christina Perri,you are my sunshine,songs for carmella: lullabies & sing-a-longs,pop|female vocalists|singer-songwriter,82000
Lil Durk,India Part II,Apple Music Live: Lil Durk,rap|drill|Hip-Hop,211000
Megan Moroney,Man on the Moon,Am I Okay?,country|USA|want to see live,187000
Faith Evans,White Christmas,A Faithful Christmas,rnb|soul|female vocalists,206000
Dion,Haiku,Grove,oldies|doo wop|60s,136000
Troye Sivan,IN A DREAM,In A Dream (Bonus Track Version),pop|indie pop|indie,229000
Jhene Aiko,2 seconds - Bonus,,rnb|soul|pop,0
Evanescence,Never Go Back,Evanescence,Gothic Rock|rock|female vocalists,267000
Lil Durk,248,Just Cause Y'all Waited 2,rap|drill|Hip-Hop,156000
Tracy Byrd,The First Step,No Ordinary Man,country|tracy byrd|modern country,142000
Miley Cyrus,Unholy,SHE IS COMING [Clean],pop|female vocalists|dance,130000
Troye Sivan,STUD,In A Dream (Bonus Track Version),pop|indie pop|indie,209000
Fifth Harmony,Don't Say You Love Me,Fifth Harmony,pop|female vocalists|X factor,193000
Plain White T's,1234,,indie|pop punk|rock,200000
Jessica Simpson,The Lover in Me,A Public Affair,pop|female vocalists|dance,221000
Tanya Tucker,My Arms Stay Open All Night,20 Greatest Hits,country|female vocalists|classic country,215000
Dua Lipa,That Kind of Woman,Future Nostalgia: The Moonlight Edition,pop|synthpop|electropop,200000
Hannah Montana,You and Me Together,Hannah Montana 2 / Meet Miley Cyrus,pop|Disney|female vocalists,228000
B.o.B,Nothing On You f. Bruno Mars,Now That's What I Call Music! 76,Hip-Hop|hip hop|rap,268000
Connie Francis,Someone Else's Boy,Connie Rocks,oldies|female vocalists|50s,164000
Cassadee Pope,Payphone (The Voice Performance),The Complete Season 3 Collection (The Voice Performance),pop rock|pop|country,161000
OneRepublic,Nobody - from Kaiju No. 8,,pop rock|rock|alternative,0
"""Weird Al"" Yankovic",White And Nerdy,Alpocalypse HD,comedy|parody|rock,0
Selena Gomez & The Scene,We Own the Night,,pop|female vocalists|pop rock,227000
Surface,それじゃあバイバイ,Surface,japanese|j-pop|J-rock,185000
Surface,夢の続きへ,Last Attraction,japanese|j-pop|J-rock,292000
Evanescence,The Change,Evanescence,Gothic Rock|rock|female vocalists,222000
Fifth Harmony,Angel,Fifth Harmony,pop|female vocalists|X factor,189000
Hilary Duff,Reach Out,Best of Hilary Duff,pop|female vocalists|dance,252000
Tiffany,Heartbreak Hotel,Heartbreak Hotel,pop|80s|female vocalists,0
Boys Like Girls,Two Is Better Than One (Featuring Taylor Swift),,pop punk|alternative|rock,0
Total,Прости,TOTAL: 2 [мой мир],russian|female vocalists|russian rock,0
Kid Cudi,The Void,Man on the Moon III: The Chosen,Hip-Hop|rap|alternative rap,325000
Summer Walker,Constant Bullshit,Still Over It,rnb|soul|Neo-Soul,197000
Zayn,Tightrope,Nobody Is Listening,pop|rnb|british,204000
Morgan Wallen,The Way I Talk,The Way I Talk,country|country pop|contemporary country,208000
Boys Like Girls,HeroHeroine,Boys Like Girls,pop punk|alternative|rock,226000
The 4 Seasons,December 1963,25 Original Nr 1 Hits Volume 4 (The Hits Of 1969 To 1991),60s|oldies|pop,210000
Malcolm Todd,Cheer Me On,Malcolm Todd,alternative rnb|indie|USA,257000
Iggy Azalea,Savior,Savior,Hip-Hop|rap|pop,208000
Christina Perri,"A Thousand Years, Pt. 2 (feat. Steve Kazee)",,pop|female vocalists|singer-songwriter,305000
Miley Cyrus,Violet Chemistry,Endless Summer Vacation,pop|female vocalists|dance,246000
Pop Smoke,Christopher Walking,100% Rap,drill|rap|trap,190000
Pop Smoke,PTSD,"Meet the Woo, v.1 Mixtape",drill|rap|trap,199000
Tory Lanez,Someone Else - Lost Tapes 2015,,rnb|Hip-Hop|rap,0
Soulja Boy Tell'em,Kiss Me Thru The Phone (feat Sammie),,Hip-Hop|rap|Crunk,0
Maxwell,Safari,Safari,soul|Neo-Soul|rnb,158000
David Archuleta,Crème Brulée,Crème Brulée,pop|American Idol|male vocalists,179000
Boys Like Girls,Two Is Better Than One [ft. Taylor Swift],,pop punk|alternative|rock,0
Tevin Campbell,I 2 I,Radio Aahs - August 1995 No. 6,rnb|90s|soul,242000
PARTYNEXTDOOR & Drake,F o r C e r t a i n,,rnb|Hip-Hop|r&b,0
Lil Baby,Hats Off (feat. Travis Scott),,rap|Hip-Hop|hip hop,257000
Young Money,Lookin Ass,Rise of an Empire (Deluxe Edition),Hip-Hop|rap|young money,161000
The Tokens,"Perhaps, The Joy Of Giving",It's A Happening World (Expanded Edition),oldies|60s|pop,32000
Crystal Gayle,You Never Gave Up On Me,Crystal Gayle: The Hits,country|female vocalists|classic country,192000
Starz,turnmeup,TURNMEUP - Single,hard rock|rock|glam rock,155000
The Babys,Kikoenai Uta,,classic rock|rock|70s,272000
PARTYNEXTDOOR & Drake,FREAK IN YOU,,rnb|Hip-Hop|r&b,0
Chris Brown,Angel Numbers / Ten Toes,11:11,rnb|Hip-Hop|Chris Brown,306000
Bryson Tiller,Inhale,Anniversary,rnb|Hip-Hop|trap,171000
Mariah Carey,Circles,The Emancipation of Mimi,pop|rnb|female vocalists,210000
The Fixx,Two Different Views,Ultimate Collection,new wave|80s|british,252000
Jhene Aiko,My Mine,Sailing Soul(s),rnb|Get Down|c asian,241000
Malcolm Todd,concrete,Malcolm Todd,alternative rnb|indie|USA,173000
Megan Thee Stallion,Freak Nasty,Tina Snow,rap|Hip-Hop|trap,173000
Troye Sivan,Rager teenager!,Teen Angst,pop|indie pop|indie,201000
Roddy Ricch,War Baby,Please Excuse Me for Being Antisocial,rap|Hip-Hop|trap,195000
3OH!3,Colorado Sunrise,Want,electronic|Hip-Hop|Crunk,203000
Karol G,Bandida Entrenada,Tropicoqueta [Explicit],Reggaeton|latin|Colombia,135000
XXXTENTACION,love yourself (interlude),?,Hip-Hop|rap|cloud rap,48000
Malcolm Todd,Zip Up My Fly,Malcolm Todd (still) [Explicit],alternative rnb|indie|USA,131000
Lil Skies,Welcome to the Rodeo,Life of a Dark Rose,rap|Hip-Hop|cloud rap,169000
Lil Skies,Play This At My Funeral (feat. Landon Cube),Play This At My Funeral (feat. Landon Cube),rap|Hip-Hop|cloud rap,186000
Lil Skies,On Sight,Ok + Unbothered album selects,rap|Hip-Hop|cloud rap,161000
LMFAO,Champagne Showers (feat. Natalia Kills),Sorry For Party Rocking - Deluxe Edition,electronic|Hip-Hop|electro,264000
Total,Дальтоник,Total: 1,russian|female vocalists|russian rock,220000
Lil Tecca,Show Me Up,Hip-Hop & Rap Hits,rap|Hip-Hop|trap,166000
Mariah Carey,Butterfly,Butterfly,pop|rnb|female vocalists,274000
Tory Lanez,Pluto’s Last Comet,Alone at Prom,rnb|Hip-Hop|rap,211000
Bryson Tiller,7:00,Anniversary,rnb|Hip-Hop|trap,188000
3OH!3,I'm Not Your Boyfriend Baby,Want,electronic|Hip-Hop|Crunk,224000
Logic,City of Stars,The Incredible True Story,Hip-Hop|rap|hip hop,377000
Selena Gomez & The Scene,Off the Chain,A Year Without Rain (Deluxe Edition),pop|female vocalists|pop rock,243000
will.i.am,This Is Love (feat. Eva Simons),This Is Love (feat. Eva Simons) - Single,Hip-Hop|rap|rnb,245000
Young Money,Bedrock (featuring Lloyd),,Hip-Hop|rap|young money,0
Marques Houston,Sunset,Mr. Houston,rnb|marques houston|soul,238000
Kid Cudi,By Design,"Passion, Pain & Demon Slayin'",Hip-Hop|rap|alternative rap,257000
Karol G,CAIRO,CAIRO,Reggaeton|latin|Colombia,198000
Frank Ocean,Songs for Women,"nostalgia, ULTRA.",rnb|soul|Hip-Hop,253000
OneRepublic,Stop & Stare,,pop rock|rock|alternative,224000
Lil Baby,2040,,rap|Hip-Hop|hip hop,192000
Logic,No Pressure Intro,Video Gaming Music,Hip-Hop|rap|hip hop,174000
Cher,Woman's World,Closer to the Truth,pop|female vocalists|80s,221000
Hilary Duff,My Kind,Breathe In. Breathe Out.,pop|female vocalists|dance,207000
The Pointer Sisters,Hot Together,Hot Together,Disco|pop|soul,251000
HARDY,SOLD OUT,SOLD OUT - Single,country|country rock|post-grunge,202000
Jessie Murph,Certain Kind of Love,,pop|country|Passion of Discovery,178000
Total,Шива,TOTAL: 2+ [live],russian|female vocalists|russian rock,0
Lil Tecca,Taste,TASTE [Clean] [Clean],rap|Hip-Hop|trap,170000
Frank Ocean,Strawberry Swing,"nostalgia, ULTRA.",rnb|soul|Hip-Hop,235000
Logic,Soul Food II,No Pressure,Hip-Hop|rap|hip hop,0
Hilary Duff,All About You,All About You,pop|female vocalists|dance,162000
Backstreet Boys,Straight Through My Heart,This Is Us,pop|boybands|90s,207000
Parker McCollum,Young Man's Blues,Cream of Country 2021,country|americana|folk,207000
Gunna,Oh Okay (feat. Young Thug & Lil Baby),Drip Season 3 (Deluxe),rap|trap|Hip-Hop,199000
Avril Lavigne,Push,Goodbye Lullaby,pop rock|pop|rock,181000
Frank Ocean,We All Try,"nostalgia, ULTRA.",rnb|soul|Hip-Hop,171000
Alicia Keys,It's On Again (feat. Kendrick Lamar) - From The Amazing Spider-Man 2 Soundtrack,,soul|rnb|female vocalists,0
Chris Brown,City Girls,,rnb|Hip-Hop|Chris Brown,230000
Lil Baby,Man Of My Word,Problem Child,rap|Hip-Hop|hip hop,172000
Summer Walker,Anna Mae,Over It (Complete Set Video Version),rnb|soul|Neo-Soul,137000
Timbaland,apologize (feat one republic),,Hip-Hop|rnb|rap,0
Wang Chung,Space Junk,Everybody Wang Chung Tonight... Wang Chung's Greatest Hits,new wave|80s|pop,234000
Jason Aldean,Too Fast,"Old Boots, New Dirt",country|modern country|Jason Aldean,202000
Kris Allen,To Make You Feel My Love,Season 8 Favorite Performances,American Idol|singer-songwriter|pop,223000
Kodak Black,Shake Back,Institution,trap|rap|Hip-Hop,184000
Kid Cudi,Kitchen,"Passion, Pain & Demon Slayin'",Hip-Hop|rap|alternative rap,0
BLACKPINK,Champion,DEADLINE [Explicit],k-pop|Kpop|pop,0
Shawn Mendes,Why,Shawn Mendes,pop|Canadian|folk,238000
Kelly Clarkson,Sober,My December,pop|female vocalists|pop rock,292000
Gucci Mane,Semi On Em,,Hip-Hop|rap|Dirty South,170000
NLE Choppa,In The UK,In The UK,trap|rap|Hip-Hop,183000
Alex Warren,"You’ll Be Alright, Kid",Warm & Cozy Acoustic,folk|pop|singer-songwriter,149000
Jodeci,The Show,"The Show, The After Party, The Hotel",rnb|soul|90s,85000
Gunna,Top Off,Drip Season 3 (Deluxe),rap|trap|Hip-Hop,197000
Karol G,GATÚBELA,GATÚBELA,Reggaeton|latin|Colombia,208000
Simple Plan,Astronaut,Get Your Heart On!,pop punk|punk rock|rock,220000
Shawn Mendes,Intro,Wonder,pop|Canadian|folk,62000
DaBaby,HIT,HIT,rap|Hip-Hop|trap,125000
Ciara,Overdose,Ciara,rnb|pop|Hip-Hop,227000
Hannah Montana,Bigger Than Us,Hannah Montana 2 / Meet Miley Cyrus,pop|Disney|female vocalists,177000
Parker McCollum,I Can't Breathe,Probably Wrong: Session One,country|americana|folk,257000
R. Kelly,Legs Shakin' (Feat. Ludacris),,rnb|soul|Hip-Hop,266000
Lulu,bubble,,60s|pop|female vocalists,0
Prism,Pilly,Pilly - Single,rock|classic rock|Canadian,189000
Freddie Jackson,Rock Me Tonight (For Old Time's Sake),Ballads,soul|rnb|Freddie Jackson,243000
Young Thug,Climax (feat. 6lack),On the Run,Hip-Hop|trap|rap,189000
The Fray,Over My Head,Over My Head,alternative|rock|piano rock,239000
Baby Keem,bank account (with Lil Uzi Vert),,rap|Hip-Hop|trap,214000
3OH!3,Still Around,Want,electronic|Hip-Hop|Crunk,188000
Megan Thee Stallion,Realer,Fever,rap|Hip-Hop|trap,101000
Jessie Murph,If I Died Last Night,drowning,pop|country|Passion of Discovery,164000
Latto,Georgia Peach,Sugar Honey Iced Tea [Clean] [Clean],rap|Hip-Hop|trap,147000
Leona Lewis,I See You (Theme from Avatar),Avatar Music From The Motion Picture Music Composed And Conducted By James Horner,pop|female vocalists|rnb,225000
Natasha Bedingfield,Pocket Full of Sunshine,Girls Rock,pop|female vocalists|british,0
Pentatonix,"A Little Space (feat. YUNHO, SAN, JONGHO of ATEEZ)",,a cappella|pop|futuristic,0
NLE Choppa,SHAKE IT,"It's a (T)Rap - Rap, Trap & Hip Hop Culture",trap|rap|Hip-Hop,206000
Fergie,Love Is Pain,Double Dutchess,pop|rnb|female vocalists,429000
Jordin Sparks,SOS (Let the Music Play),Essential R&B - Spring 2011,pop|rnb|female vocalists,212000
Avril Lavigne,I Love You,Goodbye Lullaby,pop rock|pop|rock,241000
Jhene Aiko,3:16am,Sail Out,rnb|soul|pop,199000
Fetty Wap,Sweet Yamz,Sweet Yamz,Hip-Hop|rap|trap,105000
Selena Gomez & The Scene,Middle of Nowhere,When the Sun Goes Down,pop|female vocalists|pop rock,206000
Meghan Trainor,Wave (feat. Mike Sabath),,pop|female vocalists|soul,176000
HARDY,"SIGNED, SOBER YOU",WHERE TO FIND ME,country|country rock|post-grunge,208000
HARDY,the mockingbird & THE CROW,the mockingbird & THE CROW - Single,country|country rock|post-grunge,305000
Birdman,"Money To Blow ft. Drake, Lil Wayne",,Hip-Hop|rap|Dirty South,0
John Michael Montgomery,If You've Got Love,Greatest Hits,country|classic country|john michael montgomery,236000
David Guetta,Memories (Featuring Kid Cudi),One love (Deluxe version),House|dance|electronic,210000
Shawn Mendes,When You're Ready,Shawn Mendes,pop|Canadian|folk,169000
Luke Combs,"Houston, We Got a Problem",This One's for You Too (Deluxe Edition),country|country pop|contemporary country,192000
Tiffany,I Just Wanna Dance,I Just Wanna Dance - The 1st Mini Album,pop|80s|female vocalists,78000
Aly & AJ,Symptom of Your Touch,Symptom Of Your Touch / Don't Need Nothing,pop|female vocalists|pop rock,0
Ashlee Simpson,Outta My Head,Bittersweet World,pop|pop rock|female vocalists,212000
Jessie Murph,Sobriety,Sobriety,pop|country|Passion of Discovery,126000
Aly & AJ,Stomach,a touch of the beat gets you up on your feet gets you out and then into the sun,pop|female vocalists|pop rock,195000
21 Savage & Metro Boomin,Rich N***a Shit (feat. Young Thug),,rap|Hip-Hop|trap,0
Michael W. Smith,Carol Ann,Freedom,christian|worship|contemporary christian,215000
Marques Houston,Circles,,rnb|marques houston|soul,0
Young Thug,Millions,Flossin',Hip-Hop|trap|rap,157000
Roddy Ricch,Every Season,Feed Tha Streets ll,rap|Hip-Hop|trap,214000
Lil Tecca,Money On Me,Home Office Hip Hop,rap|Hip-Hop|trap,143000
Simple Plan,This Song Saved My Life,Get Your Heart On!,pop punk|punk rock|rock,192000
Celine Dion,Loved Me Back to Life,Loved Me Back to Life,pop|female vocalists|Canadian,229000
The Pussycat Dolls,Painted Windows,Doll Domination 2.0,pop|rnb|dance,213000
PSY,Right Now,PSYFIVE,k-pop|Korean|pop,203000
New Kids On The Block,Big Girl Now (featuring Lady Gaga),,pop|boybands|80s,0
Jason Derulo,Watcha Say,Summer Sensation 2010,rnb|pop|male vocalists,223000
Kip Moore,Come and Get It,Wild Ones (Deluxe),country|contemporary country|fun,295000
XXXTENTACION,looking for a star,Revenge,Hip-Hop|rap|cloud rap,137000
Avril Lavigne,Everybody Hurts,Goodbye Lullaby,pop rock|pop|rock,221000
Katy Perry,Ghost,PRISM,pop|female vocalists|pop rock,203000
Young Thug,Daddy's Birthday,Beautiful Thugger Girls,Hip-Hop|trap|rap,208000
Ty Dolla $ign,Wheels Fall Off (feat. Ye),WHEELS FALL OFF (feat. Ye),Hip-Hop|rap|rnb,121000
Major Lazer,Make It Hot,,electronic|dancehall|reggae,168000
Jonas Brothers,Inseparable,Jonas Brothers,pop|pop rock|Disney,170000
LL Cool J,Murdergram Deux (feat. Eminem),,Hip-Hop|rap|hip hop,185000
Parker McCollum,Hell of a Year,Probably Wrong,country|americana|folk,232000
Jordin Sparks,Emergency (911),Battlefield (Deluxe Version),pop|rnb|female vocalists,229000
Wyclef Jean,Sweetest Girl,"Just in the Mixtape, Vol. 2",Hip-Hop|reggae|rap,227000
Faith Evans,Beautiful - Interlude,,rnb|soul|female vocalists,0
The Bangles,Something To Believe In,Everything,pop|80s|female vocalists,246000
Dan Hill,It's a Long Road,It's a Long Road,pop|80s|rock,199000
21 Savage & Metro Boomin,X Bitch (Ft. Future),,rap|Hip-Hop|trap,0
Don Toliver,XSCAPE,Life of a DON,rap|trap|Hip-Hop,156000
Kehlani,Water,It Was Good Until It Wasn't,rnb|pop|soul,122000
Bryson Tiller,Just Another Interlude,Just Another Interlude,rnb|Hip-Hop|trap,0
Sting,What Could Have Been (from the series Arcane League of Legends),,rock|pop|classic rock,0
Major Lazer,Rave De Favela (feat. BEAM),Bonde do Major Lazer,electronic|dancehall|reggae,154000
Rodney Atkins,Caught Up In The Country (feat. Fisk Jubilee Singers),Caught Up In The Country (feat. Fisk Jubilee Singers) - Single,country|modern country|contemporary country,160000
PSY,강남스타일,싸이6甲 Part.1,k-pop|Korean|pop,219000
Backstreet Boys,Bigger,This Is Us,pop|boybands|90s,0
Gavin DeGraw,I'm In Love With A Girl,Gavin DeGraw,singer-songwriter|rock|pop,207000
Sean Kingston,Fire Burning On The Dancefloor,Hot Tracks Mainstream Dance 28-3,rnb|Hip-Hop|reggae,368000
Jo Dee Messina,Was That My Life,Greatest Hits,country|female vocalists|Jo Dee Messina,229000
Tevin Campbell,Eye to Eye,,rnb|90s|soul,0
Peter Brown,They Only Come Out at Night,Snap (Bonus Track Version),funk|Disco|disco funk,382000
Lobo,AIORA,,70s|pop|oldies,0
Jack Harlow,Already Best Friends (feat. Chris Brown),Thats What They All Say,rap|Hip-Hop|trap,197000
Don Toliver,Swangin’ On Westheimer,Mellow Bars Rap,rap|trap|Hip-Hop,288000
Kehlani,melt,blue water road,rnb|pop|soul,0
Jose Feliciano,"El Tango De Roxanne - From ""Moulin Rouge"" Soundtrack",,latin|folk|singer-songwriter,0
Rick Ross,In Vein,Mastermind (Deluxe),Hip-Hop|rap|Dirty South,262000
Luke Combs,"1, 2 Many","1, 2 Many",country|country pop|contemporary country,180000
The Chainsmokers,iPad,iPad,electronic|pop|House,202000
Jonas Brothers,Much Better,"Lines, Vines and Trying Times",pop|pop rock|Disney,274000
Simple Plan,Gone Too Soon,Get Your Heart On!,pop punk|punk rock|rock,195000
Mr. Big,Shine,Greatest Hits,hard rock|rock|classic rock,222000
Dru Hill,Love's Train,Dru Hill,rnb|soul|90s,260000
John Parr,St. Elmo's Fire,Letter To America,rock|80s|classic rock,251000
Belinda Carlisle,You're Nothing Without Me,Live Your Life Be Free,pop|80s|female vocalists,234000
Kris Allen,I Was Played,Brand New Shoes,American Idol|singer-songwriter|pop,0
Alex Warren,On My Mind,,folk|pop|singer-songwriter,0
Kehlani,altar,ALTAR,rnb|pop|soul,243000
The Carters,HEARD ABOUT US,EVERYTHING IS LOVE,Hip-Hop|rap|rnb,190000
Kelly Clarkson,Don't Let Me Stop You,All I Ever Wanted,pop|female vocalists|pop rock,200000
Roddy Ricch,Intro,Please Excuse Me for Being Antisocial,rap|Hip-Hop|trap,135000
Yo Gotti,Pose (feat. Lil Uzi Vert),Pose (feat. Lil Uzi Vert) - Single,rap|Hip-Hop|Dirty South,170000
Jennifer Lopez,Dance Again feat. Pitbull,,pop|rnb|latin,0
Jessie J,Breathe,Alive,pop|british|female vocalists,237000
Ray J,Sexy Can I (Feat. Yung Berg),Sexy Can I (feat. Yung Berg) - Single,rnb|Hip-Hop|soul,204000
Belinda Carlisle,Lay Down Your Arms,Real,pop|80s|female vocalists,279000
Breathe,君と彼と僕と彼女と,Tomorrows,pop|80s|new wave,348000
Irene Cara,Flashdance - What a Feeling (Radio Edit),,pop|80s|female vocalists,0
Lil Yachty,Split/Whole Time,Split/Whole Time,trap|rap|Hip-Hop,239000
Don Toliver,4X4,HARDSTONE PSYCHO [Clean] [Clean],rap|trap|Hip-Hop,202000
NLE Choppa,Do It Again (feat. 2Rare),Do It Again (feat. 2Rare),trap|rap|Hip-Hop,213000
Miley Cyrus,Handstand,Endless Summer Vacation,pop|female vocalists|dance,205000
Shinedown,Diamond Eyes (Boom-Lay Boom-Lay Boom),Diamond Eyes (Boom-Lay Boom-Lay Boom),hard rock|rock|alternative rock,336000
Summer Walker,Shame,Last Day Of Summer [Explicit],rnb|soul|Neo-Soul,0
Lil Nas X,Light Again!,Light Again!,Hip-Hop|rap|country rap,177000
Aly & AJ,Joan of Arc on the Dance Floor,We Don't Stop,pop|female vocalists|pop rock,0
The All-American Rejects,Mona Lisa,,rock|pop punk|alternative,194000
Brandy,When You Touch Me,Full Moon,rnb|soul|pop,342000
Riley Green,Hell of a Way to Go,Hell Of A Way To Go - Single,country|american|Alabama,166000
Riley Green,Georgia Time,Georgia Time,country|american|Alabama,221000
The Intruders,Come home soon,,soul|philly soul|70s,134000
Jesse McCartney,Bleeding Love,Departure,pop|male vocalists|pop rock,0
Eddy Arnold,The Cattle Call,Our Last Goodbye,country|classic country|male vocalists,143000
Kip Moore,Girl of the Summer,Wild Ones (Deluxe),country|contemporary country|fun,236000
Kodak Black,Like Dat,Institution,furry|Hip-Hop|Roblox,200000
Good Charlotte,Dance Floor Anthem,Dance Floor Anthem,punk rock|pop punk|rock,246000
Calvin Harris,I'm Not Alone,I'm Not Alone,electronic|dance|electro,212000
Florida Georgia Line,This Is How We Roll,Here's to the Good Times...This Is How We Roll,country|country rock|male vocalists,221000
Pet Shop Boys,Love etc.,Yes,synthpop|electronic|pop,483000
Gucci Mane,Dope Love,Trap House 4,Hip-Hop|rap|Dirty South,203000
Khalid,Motion,Suncity [Explicit],soul|pop|rnb,235000
Christina Perri,a thousand years (lullaby),a thousand years (lullaby),pop|female vocalists|singer-songwriter,171000
Future & Lil Uzi Vert,Patek,Pluto x Baby Pluto (Deluxe),rap|Hip-Hop|trap,280000
Blessid Union Of Souls,Brother My Brother,The Singles,pop|alternative|pop rock,227000
Katrina And The Waves,Sun Street,The Best of Katrina and the Waves,pop|80s|rock,192000
Jeffrey Osborne,We Both Deserve Each Other's Love,Greatest Hits Live!,soul|rnb|80s,187000
Imagine Dragons,Lonely,Mercury - Act 1,indie|indie rock|alternative,159000
Ellie Goulding,Human,Bright Lights,female vocalists|electronic|british,249000
Lil Yachty,YAE ENERGY,YAE ENERGY - Single,trap|rap|Hip-Hop,102000
Wiz Khalifa,This Plane,Deal Or No Deal,Hip-Hop|rap|hip hop,197000
Jon Pardi,Can't Turn You Down,California Sunrise,country|contemporary country|american,204000
The All-American Rejects,Sunshine,When the World Comes Down,rock|pop punk|alternative,179000
Kane Brown,Lost in the Middle of Nowhere (feat. Becky G),Experiment Extended,country|country pop|contemporary country,188000
The New Seekers,Free To Be...You And Me (Reprise) - Outro,,pop|70s|folk,0
21 Savage & Metro Boomin,X Bitch (feat. Future),,rap|Hip-Hop|trap,0
Baby Keem,FRANCE FREESTYLE,DIE FOR MY BITCH,rap|Hip-Hop|trap,145000
ScHoolboy Q,JoHn Muir,Blank Face LP,Hip-Hop|rap|underground hip-hop,219000
Gucci Mane,Point in My Life,Trap House 3,Hip-Hop|rap|Dirty South,210000
Baby Keem,ROCKSTAR P,DIE FOR MY BITCH,rap|Hip-Hop|trap,136000
Justin Timberlake,Better Place (Family Harmony),TROLLS Band Together (Original Motion Picture Soundtrack),pop|rnb|dance,116000
Ellie Goulding,Goodness Gracious,Halcyon Days,female vocalists|electronic|british,226000
Shakira,Sale el Sol,Sale el Sol,pop|latin|female vocalists,199000
Lil Yachty,COUNT ME IN,Lil Boat 2,trap|rap|Hip-Hop,137000
Mumford & Sons,Dustbowl Dance,Live From Red Rocks,folk|indie|british,296000
Nelly Furtado,Spirit Indestructible,The Spirit Indestructible,pop|female vocalists|folk,247000
Jonas Brothers,Backwards,Greetings From Your Hometown,pop|pop rock|Disney,180000
KIDS SEE GHOSTS,"Freeee (Ghost Town, Pt. 2) [feat. Ty Dolla $ign]",Kids See Ghosts,Hip-Hop|rap|hip hop,206000
Jamie Foxx,Blame It (Feat T-Pain),,rnb|soul|Hip-Hop,0
Frankie J,Never Let You Down (Feat Krayzie Bone & Layzie Bone),,rnb|pop|Hip-Hop,0
21 Savage,4L,i am > i was,trap|Hip-Hop|rap,288000
Gunna,STREET SWEEPER (feat. Future),WUNNA (Deluxe),rap|trap|Hip-Hop,192000
Jack Harlow,Luv Is Dro (feat. Static Major & Bryson Tiller),Thats What They All Say,rap|Hip-Hop|trap,177000
The All-American Rejects,Another Heart Calls,When the World Comes Down,rock|pop punk|alternative,247000
Khalid,Skyline,Skyline,soul|pop|rnb,182000
Saweetie,Sway With Me (with GALXARA),,Hip-Hop|rap|better than selena gomez,0
Ellie Goulding,Little Dreams,Bright Lights,female vocalists|electronic|british,198000
PSY,I Luv It,PSY 8th 4X2=8,k-pop|Korean|pop,188000
Cody Johnson,Me and My Kind,Cowboy Like Me,country|USA|United States,156000
Akon,Beautiful Ft. Colby O'Donis And Kardinal Offishall,,rnb|Hip-Hop|rap,0
Toni Braxton,Yesterday,Pulse,soul|rnb|female vocalists,228000
Jamie Foxx,Blame It( ft. T-Pain),,rnb|soul|Hip-Hop,0
Cher,Take It Like a Man,Closer to the Truth,pop|female vocalists|80s,251000
Riley Green,Bury Me in Dixie,Bury Me in Dixie,country|american|Alabama,188000
Keyshia Cole,Fallin Out,,rnb|soul|female vocalists,0
Avant,Lie About Us (Feat. Nicole Scherzinger),Best Of Avant,rnb|soul|avant,249000
Taio Cruz,There She Goes (feat. Pitbull),TY.O (Special Edition) [Special Edition],rnb|pop|Hip-Hop,224000
Jamie Foxx,Fly Love,Rio: Music From The Motion Picture,rnb|soul|Hip-Hop,159000
Breaking Benjamin,Anthem Of The Angels,Dear Agony,alternative rock|rock|hard rock,243000
Journey,Don't Stop Believing,Greatest Hits,classic rock|80s|rock,253000
Charlie Puth,BOY,Best of Charlie Puth,pop|rnb|soul,263000
Jack Harlow,GHOST,Confetti,rap|Hip-Hop|trap,140000
Luke Combs,Dive - Recorded at Sound Stage Nashville,Spotify Singles,country|country pop|contemporary country,260000
Third Eye Blind,Blinded,A Collection,alternative rock|rock|alternative,241000
T.I.,Live Your Life (ft. Rihanna),,Hip-Hop|rap|Dirty South,0
Jelly Roll,Run It,Run It,rap|Hip-Hop|country rap,159000
Natasha Bedingfield,"These Words (I Love You, I Love You)",Now 20,pop|female vocalists|british,217000
Cinderella,Bato sa buhangin,Cinderella,hard rock|Glam Metal|hair metal,208000
Omarion,Ice Box (Prod. by Timbaland),,rnb|Hip-Hop|pop,0
T.G. Sheppard,Slow Burn,All Time Greatest Hits,country|classic country|male vocalists,201000
