artist,track,debut_decade,release_year,release_decade,mb_score,matched
Frank Sinatra,Somethin' Stupid,1950s,1973,1970s,100,1
Johnny Cash,Hurt,1950s,2002,2000s,100,1
Anita Bryant,My Little Corner of the World,1950s,1960,1960s,100,1
The Miracles,Determination,1950s,1961,1960s,100,1
Joni James,How Important Can It Be,1950s,1953,1950s,100,1
Joni James,Why Don't You Believe Me,1950s,1953,1950s,100,1
Joni James,Have You Heard,1950s,1953,1950s,100,1
Connie Francis,Robot Man,1950s,1960,1960s,100,1
Joni James,You Are My Love,1950s,1953,1950s,100,1
Joni James,Your Cheatin' Heart,1950s,1953,1950s,100,1
Connie Francis,Someone Else's Boy,1950s,1961,1960s,100,1
The Intruders,Come home soon,1950s,2002,2000s,100,1
Eddy Arnold,The Cattle Call,1950s,1955,1950s,100,1
Connie Francis,I Will Wait for You,1950s,1966,1960s,100,1
Connie Francis,Carolina Moon,1950s,1958,1950s,100,1
Elvis Presley,Love Me,1950s,1957,1950s,100,1
Connie Francis,Who's Sorry Now?,1950s,1957,1950s,100,1
Elvis Presley,The Wonder Of You,1950s,1970,1970s,100,1
Johnny Cash,God's Gonna Cut You Down,1950s,2006,2000s,100,1
Marty Robbins,Doggone Cowboy,1950s,1963,1960s,100,1
Connie Francis,Everybody's Somebopdy's Fool,1950s,,,0,0
Jerry Vale,Spanish Eyes,1950s,2004,2000s,100,1
Steve Lawrence,Bewitched,1950s,2005,2000s,100,1
Paul Anka,Put Your Head on My Shoulder (Remastered),1950s,,,0,0
The Browns,The Three Bells (Les Trois Cloches),1950s,1974,1970s,100,1
The Isley Brothers,"Footsteps in the Dark, Pts. 1 & 2",1950s,,,0,0
Steve Lawrence,I've gotta be me,1950s,2021,2020s,100,1
Dean Martin,"My Rifle, My Pony And Me - Remastered",1950s,2011,2010s,100,1
Connie Francis,I'm Sorry I Made You Cry,1950s,1960,1960s,100,1
The Fleetwoods,Stay With Me,1950s,,,0,0
Johnny Cash,Solitary Man,1950s,2000,2000s,100,1
The Coasters,Down in Mexico,1950s,1956,1950s,100,1
Nina Simone,Feeling Good,1950s,1965,1960s,100,1
Johnny Cash,The Man Comes Around,1950s,2002,2000s,100,1
Marty Robbins,The Master's Call,1950s,1959,1950s,100,1
Marty Robbins,Saddle Tramp,1950s,1960,1960s,100,1
The Fleetwoods,Waking Up Alone,1950s,,,0,0
Perry Como,Killing Me Softly With Her Song,1950s,1973,1970s,100,1
Dion & The Belmonts,Run Around Sue,1950s,,,0,0
Led Zeppelin,Stairway to Heaven,1960s,1972,1970s,100,1
The Beatles,In My Life,1960s,1965,1960s,100,1
The Beatles,Here Comes the Sun,1960s,1969,1960s,100,1
The Beatles,Blackbird,1960s,1968,1960s,100,1
The Beatles,While My Guitar Gently Weeps,1960s,1968,1960s,100,1
Creedence Clearwater Revival,Have You Ever Seen the Rain,1960s,1970,1970s,100,1
Engelbert Humperdinck,A Man Without Love,1960s,1968,1960s,100,1
Bob Dylan,"Don't Think Twice, It's All Right",1960s,1963,1960s,100,1
The Rolling Stones,Gimme Shelter,1960s,1977,1970s,100,1
Skeeter Davis,Optimistic,1960s,1965,1960s,100,1
Buffalo Springfield,For What It's Worth,1960s,1966,1960s,100,1
Dion,Reunited,1960s,,,0,0
Cher,Woman's World,1960s,2013,2010s,100,1
Buck Owens,Made in Japan,1960s,1974,1970s,100,1
Martha & The Vandellas,Something,1960s,1991,1990s,100,1
Martha Reeves & The Vandellas,Something,1960s,1970,1970s,100,1
Jose Feliciano,"El Tango De Roxanne - From ""Moulin Rouge"" Soundtrack",1960s,,,0,0
Led Zeppelin,Ramble On,1960s,1969,1960s,100,1
The Contours,Heaven Sent,1960s,2006,2000s,100,1
Dion,Words,1960s,2021,2020s,100,1
The Marvelettes,Barefootin',1960s,1967,1960s,100,1
The Beatles,Norwegian Wood (This Bird Has Flown) - Remastered 2009,1960s,,,0,0
Led Zeppelin,Going to California,1960s,1980,1980s,100,1
Marvin Gaye,Ain't No Mountain High Enough,1960s,1996,1990s,100,1
Jeannie C. Riley,Country Girl,1960s,1970,1970s,100,1
Lulu,piu piu,1960s,2019,2010s,100,1
Dion,Still,1960s,2020,2020s,100,1
Dion,Grove Stepper,1960s,,,0,0
The Beatles,Across the Universe,1960s,1969,1960s,100,1
Joan Baez,It Ain't Me Babe,1960s,1964,1960s,100,1
Led Zeppelin,Tangerine,1960s,1970,1970s,100,1
The Beatles,Come Together,1960s,1969,1960s,100,1
Skeeter Davis,Gonna Get Along Without Ya Now,1960s,1995,1990s,100,1
Jody Miller,There's a Party Goin' On,1960s,2000,2000s,100,1
Dion,Haiku,1960s,,,0,0
Cher,Take It Like a Man,1960s,2013,2010s,100,1
Dion,Finesser,1960s,,,0,0
Van Morrison,Into the Mystic,1960s,1970,1970s,100,1
The Tokens,"Perhaps, The Joy Of Giving",1960s,1967,1960s,100,1
Lulu,bubble,1960s,2019,2010s,100,1
Dion,Guilty,1960s,2000,2000s,100,1
The Highwaymen,Highwayman,1960s,1993,1990s,100,1
The Beatles,Lucy in the Sky With Diamonds,1960s,1967,1960s,100,1
Bill Medley,I've Had The Time of My Life,1960s,1990,1990s,100,1
The 4 Seasons,December 1963,1960s,,,0,0
Cher,The Music's No Good Without You,1960s,2001,2000s,100,1
Led Zeppelin,No Quarter,1960s,1990,1990s,100,1
The Who,Baba O'Riley,1960s,1971,1970s,100,1
Cher,I Hope You Find It,1960s,2013,2010s,100,1
The Beach Boys,All I Wanna Do - Remastered 2009,1960s,,,0,0
Bill Medley,"He Ain't Heavy, He's My Brother",1960s,1988,1980s,100,1
Frankie Valli,Beggin' (Pilooski edit),1960s,2008,2000s,100,1
The Doors,Break on Through (to the Other Side),1960s,1967,1960s,100,1
Bob Dylan,Girl From the North Country,1960s,1963,1960s,100,1
Cher,Welcome to Burlesque,1960s,2010,2010s,100,1
The Beatles,Oh! Darling,1960s,1969,1960s,100,1
Cher,You Haven't Seen the Last of Me,1960s,2010,2010s,100,1
Simon & Garfunkel,April Come She Will,1960s,1966,1960s,100,1
Led Zeppelin,Since I've Been Loving You,1960s,1989,1980s,100,1
Led Zeppelin,Dazed and Confused,1960s,1989,1980s,100,1
Skeeter Davis,I'm A Lover (Not A Fighter),1960s,1970,1970s,100,1
Led Zeppelin,That's the Way,1960s,1970,1970s,100,1
Led Zeppelin,The Rain Song,1960s,1989,1980s,100,1
Led Zeppelin,Babe I'm Gonna Leave You,1960s,1969,1960s,100,1
Bob Dylan,The Man In Me,1960s,1970,1970s,100,1
Cher,Gimme! Gimme! Gimme! (A Man After Midnight),1960s,2018,2010s,100,1
The Beatles,A Day in the Life,1960s,1967,1960s,100,1
Led Zeppelin,Kashmir,1960s,1982,1980s,100,1
The Grass Roots,Midnight Confessions (Single),1960s,,,0,0
Simon & Garfunkel,The Only Living Boy in New York,1960s,1970,1970s,100,1
Johnny Rivers,Baby I Need Your Loving,1960s,1998,1990s,100,1
The Angels,Am I Ever Gonna See Your Face Again,1960s,1976,1970s,100,1
The Brothers Four,55 Days at Peking,1960s,2000,2000s,100,1
Engelbert Humperdinck,I'm Forever Blowing Bubbles,1960s,2022,2020s,100,1
Candi Staton,You Got The Love,1960s,1995,1990s,100,1
Skeeter Davis,Bus Fare To Kentucky,1960s,1971,1970s,100,1
Canned Heat,Going Up to the Country,1960s,2015,2010s,100,1
Skeeter Davis,What Does It Take (To Keep A Man Like You Satisfied),1960s,1967,1960s,100,1
The Moody Blues,Melancholy Man,1960s,1970,1970s,100,1
The Doors,The Crystal Ship,1960s,1967,1960s,100,1
The Beatles,With a Little Help From My Friends,1960s,1967,1960s,100,1
The Mamas & The Papas,Dream a Little Dream of Me,1960s,1968,1960s,100,1
The Kinks,This Time Tomorrow,1960s,1970,1970s,100,1
Cher,Alive Again,1960s,2001,2000s,100,1
Dusty Springfield,Son of a Preacher Man,1960s,1968,1960s,100,1
The Turtles,So Happy Together,1960s,,,0,0
Bob Dylan,Blowin' in the Wind,1960s,1963,1960s,100,1
Bob Dylan,The Times They Are a-Changin',1960s,1978,1970s,100,1
Led Zeppelin,Heartbreaker,1960s,1986,1980s,100,1
Bee Gees,"More Than A Woman - From ""Saturday Night Fever"" Soundtrack",1960s,,,0,0
Led Zeppelin,Thank You,1960s,1991,1990s,100,1
Dusty Springfield,Spooky,1960s,1970,1970s,100,1
The Beatles,Octopus's Garden,1960s,1969,1960s,100,1
The Band,Atlantic City,1960s,1993,1990s,100,1
Bob Dylan,Simple Twist of Fate,1960s,1975,1970s,100,1
The Beatles,Because,1960s,1969,1960s,100,1
Kenny Rogers & The First Edition,Just Dropped In To See What Condition My Condition Was In,1960s,1985,1980s,100,1
Deep Purple,Soldier Of Fortune,1960s,1974,1970s,100,1
The Beach Boys,Kokomo,1960s,1988,1980s,100,1
Marvin Gaye,Just To Keep You Satisfied,1960s,1973,1970s,100,1
Led Zeppelin,When the Levee Breaks,1960s,1971,1970s,100,1
Skeeter Davis,The One You Slip Around With,1960s,1960,1960s,100,1
Led Zeppelin,Communication Breakdown,1960s,1970,1970s,100,1
Cher,SOS,1960s,2018,2010s,100,1
The Doors,The End,1960s,1967,1960s,100,1
Smokey Robinson & The Miracles,Tracks of My Tears,1960s,1965,1960s,100,1
Joan Baez,"Don't Think Twice, It's All Right",1960s,1976,1970s,100,1
James Darren,I've Got You Under My Skin,1960s,1999,1990s,100,1
The Five Stairsteps,Come Back (Buddha Remastered 2001),1960s,,,0,0
Frankie Valli,Can't Take My Eyes Off of You,1960s,2007,2000s,100,1
The Rolling Stones,Sympathy For The Devil - 50th Anniversary Edition,1960s,,,0,0
The Doors,Peace Frog,1960s,1970,1970s,100,1
The Doors,Soul Kitchen,1960s,1967,1960s,100,1
The Rascals,Suspicious Wit,1960s,2008,2000s,100,1
Bob Dylan,Mr. Tambourine Man,1960s,1963,1960s,100,1
Skeeter Davis,"No, Never",1960s,1995,1990s,100,1
Led Zeppelin,I Can't Quit You Baby,1960s,1969,1960s,100,1
Bob Dylan,Hurricane,1960s,1975,1970s,100,1
Cher,Dov'e L'amore,1960s,1998,1990s,100,1
The Doors,Blue Sunday,1960s,1970,1970s,100,1
Deep Purple,Highway Star - Remastered 2012,1960s,,,0,0
Bobby Bare,The Gambler,1960s,1978,1970s,100,1
Skeeter Davis,Am I That Easy to Forget,1960s,1960,1960s,100,1
Bob Dylan,Ballad of a Thin Man,1960s,1965,1960s,100,1
B.J. Thomas,Rain Drops Keep Falling On My Head,1960s,,,100,0
Kenny Rogers & The First Edition,Just Dropped In (To See What Condition My Condition Is In),1960s,1984,1980s,100,1
Henry Mancini And His Orchestra,Lujon,1960s,2007,2000s,100,1
Bob Dylan,Stuck Inside of Mobile with the Memphis Blues Again,1960s,1966,1960s,100,1
Skeeter Davis,Silver Threads and Golden Needles,1960s,1963,1960s,100,1
Lesley Gore,Misty,1960s,1963,1960s,100,1
Barbra Streisand,I'm the Greatest Star,1960s,1964,1960s,100,1
The Beach Boys,Surf's Up,1960s,1971,1970s,100,1
The Temptations,Build Me Up Buttercup,1960s,,,0,0
Skeeter Davis,Set Him Free,1960s,1960,1960s,100,1
The Delfonics,Hey! Love,1960s,1972,1970s,100,1
Deep Purple,Sometimes I Feel Like Screaming,1960s,1996,1990s,100,1
Bob Dylan,Idiot Wind,1960s,1975,1970s,100,1
Charley Pride,Mountain Of Love,1960s,1982,1980s,100,1
Marvin Gaye & Tammi Terrell,Ain't Nothing Like the Real Thing (Stereo),1960s,,,0,0
Engelbert Humperdinck,Love Will Set You Free,1960s,2012,2010s,100,1
The Contours,Do You Love Me (Now That I Can Dance),1960s,1996,1990s,100,1
Cher,All or Nothing,1960s,1998,1990s,100,1
The Steve Miller Band,Stuck in the Middle with You,1960s,,,0,0
The Monkees,Randy Scouse Git - 2007 Remaster,1960s,,,0,0
The Angels,Take a Long Line,1960s,1978,1970s,100,1
Barbra Streisand,Get Happy/Happy Days Are Here Again (feat. Judy Garland),1960s,,,0,0
Skeeter Davis,Where I Ought to Be,1960s,1965,1960s,100,1
The 4 Seasons,December '63 (Oh What a Night),1960s,,,0,0
Lou Christie,She Sold Me Magic,1960s,1969,1960s,100,1
Fleetwood Mac,The Chain,1970s,1977,1970s,100,1
Billy Joel,Vienna,1970s,1977,1970s,100,1
Pink Floyd,Wish You Were Here,1970s,1981,1980s,100,1
Pink Floyd,Comfortably Numb,1970s,1979,1970s,100,1
Fleetwood Mac,Silver Springs - 2004 Remaster,1970s,,,0,0
Pink Floyd,Time,1970s,1973,1970s,100,1
Pink Floyd,Breathe (In the Air),1970s,1990,1990s,100,1
Pink Floyd,The Great Gig in the Sky,1970s,1973,1970s,100,1
Queen,Good Old-Fashioned Lover Boy - Remastered 2011,1970s,,,0,0
Steely Dan,Dirty Work,1970s,1972,1970s,100,1
David Bowie,Heroes,1970s,1977,1970s,100,1
Fleetwood Mac,Rhiannon,1970s,1975,1970s,100,1
Michael Jackson,Heaven Can Wait,1970s,2001,2000s,100,1
Queen,Under Pressure,1970s,1984,1980s,100,1
Pink Floyd,High Hopes,1970s,1994,1990s,100,1
David Bowie,Life on Mars?,1970s,1971,1970s,100,1
Pink Floyd,Brain Damage,1970s,1987,1980s,100,1
Elton John,"Rocket Man (I Think It's Going to Be a Long, Long Time)",1970s,1972,1970s,100,1
ABBA,Lay All Your Love on Me,1970s,1980,1980s,100,1
Pink Floyd,Us and Them,1970s,1974,1970s,100,1
Pink Floyd,Hey You,1970s,1979,1970s,100,1
AC/DC,Thunderstruck,1970s,1990,1990s,100,1
Steely Dan,Only A Fool Would Say That,1970s,1972,1970s,100,1
Neil Young,Harvest Moon,1970s,1992,1990s,100,1
ABBA,Gimme! Gimme! Gimme! (A Man After Midnight),1970s,1979,1970s,100,1
Pink Floyd,Echoes,1970s,1971,1970s,100,1
Pink Floyd,Dogs,1970s,1977,1970s,100,1
Paul McCartney,The Kiss Of Venus (Dominic Fike),1970s,,,0,0
David Bowie,Moonage Daydream,1970s,1972,1970s,100,1
Pink Floyd,Have a Cigar,1970s,1975,1970s,100,1
John Lennon,Beautiful Boy (Darling Boy) - 2010 Remastered,1970s,,,0,0
Don McLean,American Pie,1970s,1971,1970s,100,1
Pink Floyd,Eclipse,1970s,1973,1970s,100,1
Pink Floyd,Shine On You Crazy Diamond (Pts. 1-5),1970s,2016,2010s,100,1
L.T.D.,Burnin' hot,1970s,1981,1980s,100,1
ABBA,Slipping Through My Fingers,1970s,1981,1980s,100,1
The Pointer Sisters,Hot Together,1970s,1987,1980s,100,1
Lynyrd Skynyrd,Simple Man,1970s,1973,1970s,100,1
Lynn Anderson,I Never Promised You a Rose Garden,1970s,1990,1990s,100,1
Pink Floyd,Any Colour You Like,1970s,1973,1970s,100,1
Tanya Tucker,(Without You) What Do I Do With Me,1970s,1991,1990s,100,1
Lynn Anderson,Keep Me in Mind,1970s,1972,1970s,100,1
Prism,Entweder,1970s,2019,2010s,100,1
Journey,Don't Stop Believing,1970s,1982,1980s,100,1
Paul McCartney,Uncle Albert / Admiral Halsey - Medley / 2012 Remaster,1970s,,,0,0
Ronnie Milsap,Show Her,1970s,1983,1980s,100,1
Mr. Big,Shine,1970s,2001,2000s,100,1
Eddie Rabbitt,The Best Year Of My Life,1970s,1984,1980s,100,1
Juice Newton,Hurt,1970s,1985,1980s,100,1
Ronnie Milsap,Inside,1970s,1982,1980s,100,1
Lynn Anderson,I've Been Everywhere,1970s,1968,1960s,100,1
David Bowie,Ashes to Ashes,1970s,1980,1980s,100,1
Fleetwood Mac,Never Going Back Again,1970s,1977,1970s,100,1
Ronnie Milsap,How Do I Turn You On,1970s,1986,1980s,100,1
Ronnie Milsap,Where Do the Nights Go,1970s,1987,1980s,100,1
Steely Dan,Reelin' In The Years,1970s,1972,1970s,100,1
Tanya Tucker,My Arms Stay Open All Night,1970s,1989,1980s,100,1
Poco,Keep on Trying,1970s,,,0,0
Crystal Gayle,You Never Gave Up On Me,1970s,1981,1980s,100,1
Kansas,Carry on My Wayward Son,1970s,,,0,0
Pink Floyd,"Another Brick in the Wall, Pt. 2",1970s,1999,1990s,100,1
David Bowie,Five Years - 2012 Remaster,1970s,,,0,0
Dire Straits,Brothers in Arms,1970s,1985,1980s,100,1
Starz,turnmeup,1970s,,,0,0
Prism,Pilly,1970s,,,0,0
David Bowie,Rock 'n' Roll Suicide - 2012 Remaster,1970s,,,0,0
Pink Floyd,Pigs (Three Different Ones),1970s,1977,1970s,100,1
The Babys,Kikoenai Uta,1970s,,,0,0
AC/DC,Hells Bells,1970s,1980,1980s,100,1
George Harrison,My Sweet Lord (2014 Remaster),1970s,,,0,0
Rush,2112,1970s,1979,1970s,100,1
Fleetwood Mac,Storms - 2015 Remaster,1970s,,,0,0
Art Garfunkel,Waters Of March,1970s,1975,1970s,100,1
Paul McCartney,Temporary Secretary - Remastered 2011,1970s,,,0,0
Dan Hill,It's a Long Road,1970s,1982,1980s,100,1
Parliament,Let's Play House,1970s,1980,1980s,100,1
Peter Brown,They Only Come Out at Night,1970s,1984,1980s,100,1
The New Seekers,Free To Be...You And Me (Reprise) - Outro,1970s,,,0,0
T.G. Sheppard,Slow Burn,1970s,1983,1980s,100,1
Bruce Springsteen,Born in the U.S.A.,1970s,1984,1980s,100,1
Van Halen,Ain't Talkin' 'Bout Love - 2015 Remaster,1970s,,,0,0
David Bowie,Ziggy Stardust,1970s,1974,1970s,100,1
Dire Straits,Romeo and Juliet,1970s,1980,1980s,100,1
Elton John,Hold Me Closer,1970s,2008,2000s,100,1
Rush,Subdivisions,1970s,1982,1980s,100,1
Pink Floyd,Young Lust,1970s,1979,1970s,100,1
Lobo,AIORA,1970s,,,0,0
Don McLean,Vincent,1970s,1971,1970s,100,1
Pink Floyd,Marooned,1970s,1994,1990s,100,1
Michael Jackson,Love Never Felt So Good,1970s,2014,2010s,100,1
Ronnie Milsap,A Woman in Love,1970s,1989,1980s,100,1
Diana Ross,It's Your Move,1970s,1984,1980s,100,1
Journey,Who's Crying Now (2024 Remaster),1970s,,,0,0
Prince,Purple Rain,1970s,1988,1980s,100,1
The Babys,Alien,1970s,,,0,0
David Bowie,The Man Who Sold the World - 2015 Remaster,1970s,,,0,0
Talking Heads,Born Under Punches (The Heat Goes On),1970s,1980,1980s,100,1
The Babys,shounen knife,1970s,,,0,0
Pink Floyd,In the Flesh,1970s,1979,1970s,100,1
Michael Jackson,Give in to Me,1970s,1991,1990s,100,1
Tom Petty,Love Is A Long Road,1970s,1989,1980s,100,1
Rush,YYZ,1970s,1981,1980s,100,1
John Lennon,Imagine,1970s,1971,1970s,100,1
AC/DC,Shoot to Thrill,1970s,1980,1980s,100,1
Queen,The Show Must Go On,1970s,1991,1990s,100,1
Jerry Reed,The Bird,1970s,1982,1980s,100,1
Billy Joel,Zanzibar,1970s,1978,1970s,100,1
Pink Floyd,Welcome to the Machine,1970s,1975,1970s,100,1
Queen,Cool Cat - Remastered 2011,1970s,,,0,0
Kenny Loggins,The Last Unicorn,1970s,1994,1990s,100,1
Tom Petty,While My Guitar Gently Weeps,1970s,2004,2000s,100,1
Bonnie Tyler,Believe in Me,1970s,2013,2010s,100,1
Stephen Bishop,When You Wish Upon a Star,1970s,1999,1990s,100,1
Barry Manilow,I Can't Smile Without You,1970s,,,0,0
Tanya Tucker,Soon,1970s,1975,1970s,100,1
Dan Hartman,The Name Of The Game,1970s,1994,1990s,100,1
David Cassidy,If I Didn't Care,1970s,1974,1970s,100,1
Pink Floyd,On the Run,1970s,1973,1970s,100,1
ABBA,SOS,1970s,1975,1970s,100,1
AC/DC,T.N.T.,1970s,1975,1970s,100,1
Queen,Love Of My Life - Remastered 2011,1970s,,,0,0
Steely Dan,Black Cow,1970s,1977,1970s,100,1
Paul McCartney,Monkberry Moon Delight - Remastered 2012,1970s,,,0,0
Pink Floyd,Mother,1970s,1967,1960s,100,1
Pink Floyd,Goodbye Blue Sky,1970s,1979,1970s,100,1
ABBA,If It Wasn't for the Nights,1970s,1979,1970s,100,1
The Babys,My little girl,1970s,2005,2000s,100,1
Willie Nelson,Cruel World,1970s,2018,2010s,100,1
Tom Petty,Mary Jane's Last Dance,1970s,1996,1990s,100,1
Pink Floyd,What Do You Want From Me,1970s,1994,1990s,100,1
Rick Springfield,Jesse's Girl,1970s,2019,2010s,100,1
Pink Floyd,One of These Days,1970s,1971,1970s,100,1
Pink Floyd,Sheep,1970s,1977,1970s,100,1
Paul McCartney,Band On The Run - 2010 Remaster,1970s,,,0,0
Kenny Loggins,Rainbow Connection,1970s,1994,1990s,100,1
Mr. Big,"Daddy, Brother, Lover, Little Boy (The Electric Drill Song)",1970s,1991,1990s,100,1
Journey,Separate Ways (Worlds Apart) [2023 Remaster],1970s,,,0,0
Fleetwood Mac,Gold Dust Woman - 2004 Remaster,1970s,,,0,0
Starbuck,Humming,1970s,,,0,0
Bruce Springsteen,Thunder Road,1970s,1975,1970s,100,1
Donny Osmond,I'll Make a Man Out of You [From Mulan],1970s,,,0,0
Donny Osmond,I'll Make a Man Out of You,1970s,2001,2000s,100,1
Mr. Big,Green-Tinted Sixties Mind,1970s,1991,1990s,100,1
Michael Jackson,The Girl Is Mine (with Paul McCartney),1970s,,,0,0
Tanya Tucker,I'll Come Back As Another Woman,1970s,1986,1980s,100,1
Bruce Springsteen,Radio Nowhere,1970s,2007,2000s,100,1
ABBA,Don't Shut Me Down,1970s,2021,2020s,100,1
Electric Light Orchestra,"Yours Truly, 2095",1970s,,,0,0
Slade,Ooh La La in L.A.,1970s,1986,1980s,100,1
Chuck Mangione,Children Of Sanchez (Overture),1970s,1978,1970s,100,1
Journey,Who's Crying Now (2022 Remaster),1970s,,,0,0
David Bowie,Lady Stardust - 2012 Remaster,1970s,,,0,0
Love Unlimited Orchestra,What A Groove,1970s,1974,1970s,100,1
David Bowie,Oh! You Pretty Things - 2015 Remaster,1970s,,,0,0
Joni Mitchell,California,1970s,1971,1970s,100,1
Paul McCartney,Ram On - Remastered 2012,1970s,,,0,0
Joni Mitchell,A Case of You,1970s,1971,1970s,100,1
The Babys,NO NO FUTURE,1970s,2004,2000s,100,1
AC/DC,Dirty Deeds Done Dirt Cheap,1970s,1976,1970s,100,1
Michael Jackson,Baby Be Mine,1970s,1982,1980s,100,1
Peter Gabriel,My Body Is A Cage,1970s,2010,2010s,100,1
Steely Dan,Glamour Profession,1970s,1980,1980s,100,1
Talking Heads,Girlfriend Is Better - 2005 Remaster,1970s,,,0,0
John Lennon,Hold On - Remastered 2010,1970s,,,0,0
Fleetwood Mac,Only Over You - 2016 Remaster,1970s,,,0,0
Dire Straits,Tunnel of Love,1970s,1980,1980s,100,1
Jerry Reed,East Bound and Down,1970s,1977,1970s,100,1
Talking Heads,Road To Nowhere - 2005 Remaster,1970s,,,0,0
Daryl Hall John Oates,You Make My Dreams Come True,1970s,,,0,0
Steely Dan,Gaucho,1970s,1980,1980s,100,1
Mr. Big,Nothing but Love,1970s,1992,1990s,100,1
Bruce Springsteen,Atlantic City,1970s,1982,1980s,100,1
Dr. Hook And The Medicine Show,Sharing The Night Together,1970s,,,0,0
Prism,Moonlight Vibes,1970s,,,0,0
George Harrison,I'd Have You Anytime (2014 Remaster),1970s,,,0,0
Rush,Far Cry,1970s,2007,2000s,100,1
Elton John,I Think I'm Going To Kill Myself,1970s,1972,1970s,100,1
Elton John,Don't Go Breaking My Heart,1970s,1989,1980s,100,1
Eagles,Desperado - 2013 Remaster,1970s,,,0,0
Sweet Sensation,Purely By Coincidence,1970s,1975,1970s,100,1
Rush,Freewill,1970s,1980,1980s,100,1
Meat Loaf,Alive,1970s,2006,2000s,100,1
Joni Mitchell,Both Sides Now,1970s,1968,1960s,100,1
Rupert Holmes,Escape (The Piña Colada Song),1970s,1979,1970s,100,1
AC/DC,Whole Lotta Rosie,1970s,1977,1970s,100,1
AC/DC,Touch Too Much,1970s,1976,1970s,100,1
Talking Heads,The Great Curve - 2005 Remaster,1970s,,,0,0
Steely Dan,The Caves Of Altamira,1970s,1976,1970s,100,1
Rush,Time Stand Still,1970s,1987,1980s,100,1
David Bowie,Soul Love - 2012 Remaster,1970s,,,0,0
Al Green,Dream,1970s,1969,1960s,100,1
Steely Dan,Aja,1970s,1977,1970s,100,1
Tom Petty,Last Dance With Mary Jane,1970s,,,100,0
Billy Ocean,Red Light Spells Danger,1970s,1977,1970s,100,1
Rush,Red Sector A,1970s,1984,1980s,100,1
Ronnie Milsap,Prisoner Of The Highway,1970s,1984,1980s,100,1
Tom Petty,Free Falling,1970s,,,100,0
"Crosby, Stills, Nash & Young",On The Way Home,1970s,1970,1970s,100,1
Dolly Parton,Islands in the Stream,1970s,1995,1990s,100,1
Kenny Loggins,All The Pretty Little Ponies,1970s,1994,1990s,100,1
Peter Gabriel,The Book Of Love,1970s,2004,2000s,100,1
Pink Floyd,Nobody Home,1970s,1979,1970s,100,1
Prism,此刻在想你,1970s,,,0,0
Steely Dan,Doctor Wu,1970s,1975,1970s,100,1
Talking Heads,Life During Wartime - 2005 Remaster,1970s,,,0,0
Pink Floyd,Fearless,1970s,1971,1970s,100,1
Paul McCartney,Coming Up - Remastered 2011,1970s,,,0,0
Jerry Reed,The Bandit,1970s,1977,1970s,100,1
Pink Floyd,Speak to Me,1970s,1973,1970s,100,1
Dire Straits,Down to the Waterline,1970s,1978,1970s,100,1
Cheap Trick,"Mighty Wings - From ""Top Gun"" Original Soundtrack",1970s,,,0,0
Bruce Springsteen,The River,1970s,1981,1980s,100,1
Michael Jackson,Earth Song,1970s,1995,1990s,100,1
George Benson,Nothing's Gonna Change My Love for You,1970s,1985,1980s,100,1
Willie Nelson,Buddy,1970s,1968,1960s,100,1
Pink Floyd,The Thin Ice,1970s,1979,1970s,100,1
Rush,Xanadu,1970s,1979,1970s,100,1
Journey,Separate Ways (Worlds Apart) [2024 Remaster],1970s,,,0,0
David Bowie,Suffragette City - 2012 Remaster,1970s,,,0,0
Bruce Springsteen,Tougher Than The Rest,1970s,1985,1980s,100,1
Billy Joel,Scenes from an Italian Restaurant,1970s,1977,1970s,100,1
Kenny Loggins,Highway to the Danger Zone,1970s,,,0,0
War,Lowrider,1970s,2008,2000s,100,1
Michael Jackson,Scream,1970s,1995,1990s,100,1
Fleetwood Mac,Hypnotized,1970s,1973,1970s,100,1
Yvonne Elliman,I Can't Get You Outa My Mind,1970s,1977,1970s,100,1
Natalie Cole,Starting Over Again,1970s,1989,1980s,100,1
Aerosmith,Fly Away From Here,1970s,2001,2000s,100,1
Barry Manilow,Copacabana - Remastered,1970s,,,0,0
Waylon Jennings,Drinkin' and Dreamin',1970s,1985,1980s,100,1
Rush,Red Barchetta,1970s,1981,1980s,100,1
Steely Dan,Babylon Sisters,1970s,1980,1980s,100,1
KISS,I Was Made for Loving You,1970s,1987,1980s,100,1
Dawn,in the yoo,1970s,,,0,0
Billy Joel,The Stranger,1970s,1977,1970s,100,1
Bruce Springsteen,The Promised Land,1970s,1978,1970s,100,1
Waylon Jennings,Never Been to Spain,1970s,1972,1970s,100,1
Tanya Tucker,It Won't Be Me,1970s,1990,1990s,100,1
The Crusaders,Creepin',1970s,2003,2000s,100,1
Dire Straits,Telegraph Road,1970s,1982,1980s,100,1
Dave Edmunds,Baby I Love You,1970s,1975,1970s,100,1
Meat Loaf,Blind As A Bat,1970s,2006,2000s,100,1
Foreigner,Jukebox Hero,1970s,1982,1980s,100,1
Roberta Flack,Killing Me Softly,1970s,1976,1970s,100,1
Mr. Big,Undertow,1970s,2010,2010s,100,1
Steely Dan,Home At Last,1970s,1977,1970s,100,1
Paul McCartney,Junk - Remastered 2011,1970s,,,0,0
Bob Seger,The Famous Final Scene,1970s,1978,1970s,100,1
Rush,The Analog Kid,1970s,1982,1980s,100,1
Rush,La Villa Strangiato,1970s,1978,1970s,100,1
Sade,Like a Tattoo,1980s,1992,1990s,100,1
Duran Duran,Invisible,1980s,2021,2020s,100,1
The Cure,Boys Don't Cry,1980s,1979,1970s,100,1
Kylie Minogue,Padam Padam,1980s,2023,2020s,100,1
Kylie Minogue,Get Outta My Way,1980s,2010,2010s,100,1
Madonna,Girl Gone Wild,1980s,2012,2010s,100,1
Metallica,For Whom The Bell Tolls - Remastered,1980s,,,0,0
Kylie Minogue,All the Lovers,1980s,2009,2000s,100,1
The Cure,Lovesong,1980s,1989,1980s,100,1
Kylie Minogue,Timebomb,1980s,2012,2010s,100,1
Kylie Minogue,Tension,1980s,2023,2020s,100,1
Kylie Minogue,Say Something,1980s,2020,2020s,100,1
Kylie Minogue,In My Arms,1980s,2007,2000s,100,1
Dino,Wait,1980s,2023,2020s,100,1
Kylie Minogue,Magic,1980s,2020,2020s,100,1
Metallica,Enter Sandman (Remastered),1980s,,,0,0
Metallica,Fade to Black,1980s,1985,1980s,100,1
Kylie Minogue,Aphrodite,1980s,2010,2010s,100,1
Sting,What Could Have Been feat. Ray Chen (from the series Arcane League of Legends),1980s,,,0,0
New Order,Age of Consent,1980s,1983,1980s,100,1
Madonna,Miles Away,1980s,2008,2000s,100,1
Kylie Minogue,Supernova,1980s,2021,2020s,100,1
Madonna,Get Together,1980s,2005,2000s,100,1
Madonna,Forbidden Love,1980s,1994,1990s,100,1
Metallica,Fuel,1980s,1998,1990s,100,1
Kylie Minogue,The One,1980s,2007,2000s,100,1
Scandal,DOLL,1980s,2008,2000s,100,1
Metallica,Whiskey in the Jar,1980s,1998,1990s,100,1
Kylie Minogue,Cupid Boy,1980s,2010,2010s,100,1
Metallica,Battery,1980s,1991,1990s,100,1
Dino,ICARUS,1980s,,,0,0
George Michael,Careless Whisper,1980s,1984,1980s,100,1
New Kids On The Block,Dirty Dancing,1980s,2008,2000s,100,1
Scandal,Shoujo S,1980s,,,0,0
Kylie Minogue,Put Your Hands Up (If You Feel Love),1980s,2010,2010s,100,1
Depeche Mode,Wrong,1980s,2009,2000s,100,1
Kylie Minogue,Closer,1980s,1992,1990s,100,1
Scandal,LOVE SURVIVE,1980s,2011,2010s,100,1
Kylie Minogue,Better Than Today,1980s,2010,2010s,100,1
Scandal,Pride,1980s,2011,2010s,100,1
Scandal,Shunkan Sentimental,1980s,,,0,0
Metallica,All Nightmare Long,1980s,2007,2000s,100,1
Kylie Minogue,Speakerphone,1980s,2007,2000s,100,1
"""Weird Al"" Yankovic",White And Nerdy,1980s,2006,2000s,100,1
Sade,Is It a Crime,1980s,1984,1980s,100,1
Madonna,Jump,1980s,2005,2000s,100,1
Keith Sweat,I Want to Love You Down,1980s,1991,1990s,100,1
Metallica,Blackened,1980s,1988,1980s,100,1
New Kids On The Block,Big Girl Now,1980s,2008,2000s,100,1
After 7,Sprung On It,1980s,1995,1990s,100,1
Metallica,Creeping Death,1980s,1983,1980s,100,1
Metallica,The Unforgiven III,1980s,2007,2000s,100,1
Janet Jackson,Someone to Call My Lover,1980s,2001,2000s,100,1
Tony Toni Tone,Oakland Stroke,1980s,1990,1990s,100,1
Kylie Minogue,Wow,1980s,,,0,0
Cameo,Promiscuous,1980s,1988,1980s,100,1
Guns N' Roses,This I Love,1980s,2008,2000s,100,1
Scandal,少女S,1980s,2009,2000s,100,1
Metallica,Welcome Home (Sanitarium),1980s,1986,1980s,100,1
Scandal,SCANDAL BABY,1980s,2009,2000s,100,1
Tiffany,Heartbreak Hotel,1980s,2016,2010s,100,1
Kylie Minogue,In Your Eyes,1980s,2001,2000s,100,1
Kylie Minogue,On a Night Like This,1980s,2000,2000s,100,1
Scandal,Departure,1980s,2014,2010s,100,1
Depeche Mode,Stripped,1980s,1986,1980s,100,1
Scandal,Harukaze,1980s,2012,2010s,100,1
Scandal,BEAUTeen!!,1980s,2009,2000s,100,1
Scandal,ハルカ,1980s,2011,2010s,100,1
The Cure,Inbetween Days,1980s,1990,1990s,100,1
Sting,What Could Have Been (from the series Arcane League of Legends),1980s,,,0,0
Kylie Minogue,Like a Drug,1980s,2007,2000s,100,1
Wang Chung,Space Junk,1980s,2010,2010s,100,1
Scandal,Hi-Hi-Hi,1980s,2010,2010s,100,1
Scandal,EVERYBODY SAY YEAH,1980s,2010,2010s,100,1
Metallica,Turn the Page,1980s,1998,1990s,100,1
Scandal,太陽と君が描くSTORY,1980s,2010,2010s,100,1
Pet Shop Boys,Love etc.,1980s,2009,2000s,100,1
Metallica,"Die, Die My Darling",1980s,1998,1990s,100,1
Kylie Minogue,Chocolate,1980s,2003,2000s,100,1
Depeche Mode,Shake the Disease,1980s,1985,1980s,100,1
The Cure,A Forest,1980s,1980,1980s,100,1
Depeche Mode,In Your Room,1980s,1993,1990s,100,1
Scandal,Over Drive,1980s,2013,2010s,100,1
Scandal,GIRLism,1980s,2010,2010s,100,1
Guns N' Roses,Don't Cry (Original),1980s,1991,1990s,100,1
Scandal,瞬間センチメンタル,1980s,2010,2010s,100,1
Scandal,スキャンダルなんかブッ飛ばせ,1980s,2010,2010s,100,1
Tiffany,I Just Wanna Dance,1980s,2016,2010s,100,1
Surface,ゴーイング my 上へ,1980s,2000,2000s,100,1
Scandal,会わないつもりの、元気でね,1980s,2013,2010s,100,1
Kylie Minogue,Red Blooded Woman,1980s,2003,2000s,100,1
LL Cool J,Murdergram Deux (feat. Eminem),1980s,,,0,0
Sting,Shape Of My Heart,1980s,1993,1990s,100,1
Scandal,SPACE RANGER,1980s,2010,2010s,100,1
Scandal,Image,1980s,2014,2010s,100,1
Surface,さぁ,1980s,1998,1990s,100,1
Kylie Minogue,Better the Devil You Know,1980s,1990,1990s,100,1
Madonna,Hollywood,1980s,2003,2000s,100,1
The Cure,Let's Go to Bed,1980s,1982,1980s,100,1
Kylie Minogue,I Believe in You,1980s,2004,2000s,100,1
Metallica,Ride the Lightning,1980s,1985,1980s,100,1
Scandal,Welcome home,1980s,2012,2010s,100,1
Madonna,Bitch I'm Madonna,1980s,2014,2010s,100,1
New Order,Blue Monday,1980s,1983,1980s,100,1
Sade,Pearls,1980s,1992,1990s,100,1
Scandal,S.L. Magic,1980s,2008,2000s,100,1
Beastie Boys,Sabotage,1980s,1994,1990s,100,1
Kylie Minogue,All I See,1980s,2011,2010s,100,1
Surface,それじゃあバイバイ,1980s,1998,1990s,100,1
Scandal,スペースレンジャー,1980s,2008,2000s,100,1
Surface,夢の続きへ,1980s,2007,2000s,100,1
Scandal,テイクミーアウト,1980s,2016,2010s,100,1
Depeche Mode,John the Revelator,1980s,2005,2000s,100,1
Madonna,Future Lovers,1980s,2005,2000s,100,1
Kylie Minogue,2 Hearts,1980s,2007,2000s,100,1
Scandal,Stamp!,1980s,2015,2010s,100,1
George Michael,"Fastlove, Pt. 1",1980s,2013,2010s,100,1
Janet Jackson,Throb,1980s,1994,1990s,100,1
John Parr,St. Elmo's Fire,1980s,1987,1980s,100,1
Guns N' Roses,Estranged,1980s,1991,1990s,100,1
The Bangles,Something To Believe In,1980s,,,0,0
Scandal,CUTE!,1980s,2011,2010s,100,1
New Kids On The Block,Big Girl Now (featuring Lady Gaga),1980s,,,0,0
The Fixx,Two Different Views,1980s,1997,1990s,100,1
Depeche Mode,Ghosts Again,1980s,2023,2020s,100,1
Metallica,Harvester of Sorrow,1980s,1988,1980s,100,1
Scandal,会いたい,1980s,2010,2010s,100,1
New Order,Ceremony,1980s,1981,1980s,100,1
Scandal,涙のリグレット,1980s,2010,2010s,100,1
Scandal,SAKURAグッバイ,1980s,2009,2000s,100,1
Scandal,TOKYO,1980s,2009,2000s,100,1
Metallica,That Was Just Your Life,1980s,2007,2000s,100,1
Scandal,SO EASY,1980s,2009,2000s,100,1
Surface,Yume no Tsuduki he,1980s,,,0,0
Metallica,...and Justice for All,1980s,1988,1980s,100,1
Cinderella,Bato sa buhangin,1980s,1994,1990s,100,1
Madonna,Isaac,1980s,2005,2000s,100,1
Madonna,I Love New York,1980s,2005,2000s,100,1
Belinda Carlisle,You're Nothing Without Me,1980s,1991,1990s,100,1
Surface,なにしてんの,1980s,1999,1990s,100,1
Surface,Re:START,1980s,2005,2000s,100,1
Bon Jovi,Misunderstood,1980s,2002,2000s,100,1
Madonna,Bring Your Love,1980s,2026,2020s,100,1
Belinda Carlisle,Lay Down Your Arms,1980s,1993,1990s,100,1
Freddie Jackson,Rock Me Tonight (For Old Time's Sake),1980s,1996,1990s,100,1
Scandal,DAYDREAM,1980s,2009,2000s,100,1
Tiffany,TALK,1980s,2016,2010s,100,1
Depeche Mode,A Pain That I'm Used To,1980s,2005,2000s,100,1
Depeche Mode,Everything Counts,1980s,1983,1980s,100,1
Def Leppard,Slang,1980s,1996,1990s,100,1
Metallica,St. Anger,1980s,2003,2000s,100,1
Milli Vanilli,I'm Gonna Miss You,1980s,1988,1980s,100,1
Kylie Minogue,Sensitized,1980s,2007,2000s,100,1
Scandal,恋模様,1980s,2008,2000s,100,1
Scandal,FUTURE,1980s,2009,2000s,100,1
Kylie Minogue,Nu-Di-Ty,1980s,2007,2000s,100,1
Madonna,Let It Will Be,1980s,2005,2000s,100,1
The Cure,The Lovecats,1980s,1983,1980s,100,1
Scandal,A.M.D.K.J.,1980s,2020,2020s,100,1
Scandal,夜明けの流星群,1980s,2014,2010s,100,1
Kylie Minogue,Fever,1980s,2001,2000s,100,1
Cyndi Lauper,Into the Nightlife,1980s,2008,2000s,100,1
Surface,FLY HIGH,1980s,2005,2000s,100,1
Scandal,夢見るつばさ,1980s,2009,2000s,100,1
Scandal,アナタガマワル,1980s,2009,2000s,100,1
Janet Jackson,All Nite (Don't Stop),1980s,2004,2000s,100,1
Breathe,君と彼と僕と彼女と,1980s,2014,2010s,100,1
Kylie Minogue,Spinning Around,1980s,2000,2000s,100,1
Kylie Minogue,Confide in Me,1980s,1994,1990s,100,1
Irene Cara,Flashdance - What a Feeling (Radio Edit),1980s,,,0,0
Depeche Mode,Behind the Wheel,1980s,1985,1980s,100,1
Metallica,The Four Horsemen,1980s,1983,1980s,100,1
Depeche Mode,Blasphemous Rumours,1980s,1984,1980s,100,1
Surface,君の声で 君のすべてで...,1980s,1999,1990s,100,1
New Order,Leave Me Alone - 2015 Remaster,1980s,,,0,0
Def Leppard,Rock Brigade,1980s,1980,1980s,100,1
Katrina And The Waves,Sun Street,1980s,1986,1980s,100,1
Madonna,Into the Groove,1980s,1984,1980s,100,1
Depeche Mode,Useless,1980s,1997,1990s,100,1
Depeche Mode,Black Celebration,1980s,1986,1980s,100,1
Jeffrey Osborne,We Both Deserve Each Other's Love,1980s,1999,1990s,100,1
Def Leppard,Promises,1980s,1999,1990s,100,1
Scandal,Ring! Ring! Ring!,1980s,2009,2000s,100,1
Guns N' Roses,Better,1980s,2006,2000s,100,1
Metallica,Of Wolf and Man,1980s,1990,1990s,100,1
New Kids On The Block,Twisted,1980s,2008,2000s,100,1
Madonna,How High,1980s,2005,2000s,100,1
Bon Jovi,Living on a Prayer,1980s,1992,1990s,100,1
Janet Jackson,Velvet Rope,1980s,1999,1990s,100,1
Michael McDonald,I Keep Forgettin',1980s,1982,1980s,100,1
Guns N' Roses,Knockin' on Heaven's Door,1980s,1990,1990s,100,1
Metallica,Fight Fire With Fire,1980s,1983,1980s,100,1
Metallica,The Call of Ktulu,1980s,1983,1980s,100,1
Babyface,Stressed Out,1980s,2001,2000s,100,1
Guns N' Roses,Civil War,1980s,1990,1990s,100,1
The Cure,One Hundred Years,1980s,1982,1980s,100,1
Motley Crue,Live Wire,1980s,1981,1980s,100,1
Surface,ジレンマ,1980s,1998,1990s,100,1
Ozzy Osbourne,Mr. Crowley,1980s,1980,1980s,100,1
Depeche Mode,Freelove,1980s,2001,2000s,100,1
Depeche Mode,A Question of Time,1980s,1986,1980s,100,1
Scandal,Line of sight,1980s,2023,2020s,100,1
Sade,Cherish the Day,1980s,1992,1990s,100,1
Kylie Minogue,Stars,1980s,2007,2000s,100,1
Kylie Minogue,Heart Beat Rock,1980s,2007,2000s,100,1
Metallica,Whiplash,1980s,1983,1980s,100,1
Metallica,The Thing That Should Not Be,1980s,1986,1980s,100,1
Depeche Mode,Halo,1980s,1990,1990s,100,1
Guns N' Roses,Mr. Brownstone,1980s,1987,1980s,100,1
New Order,Temptation,1980s,1982,1980s,100,1
The Cure,Disintegration,1980s,1989,1980s,100,1
Depeche Mode,Suffer Well,1980s,2005,2000s,100,1
Def Leppard,Switch 625,1980s,1981,1980s,100,1
Tears For Fears,Mad World,1980s,1982,1980s,100,1
Belinda Carlisle,We Can Change,1980s,1987,1980s,100,1
Dead Or Alive,Far Too Hard,1980s,1984,1980s,100,1
"""Weird Al"" Yankovic",Hardware Store,1980s,2003,2000s,100,1
Guns N' Roses,Rocket Queen,1980s,1986,1980s,100,1
Janet Jackson,Feedback,1980s,2007,2000s,100,1
Dino,Oy Yare,1980s,2007,2000s,100,1
Berlin,"Take My Breath Away - Love Theme From ""Top Gun""",1980s,,,0,0
Janet Jackson,Empty,1980s,1999,1990s,100,1
Belinda Carlisle,I Plead Insanity,1980s,1991,1990s,100,1
Michael Bolton,Murder My Heart,1980s,2009,2000s,100,1
Adam Ant,Christian D'or,1980s,1981,1980s,100,1
The Outfield,I Don't Wanna Lose Your Love Tonight,1980s,,,0,0
Surface,御褒美,1980s,2001,2000s,100,1
Janet Jackson,Go Deep,1980s,1998,1990s,100,1
Scandal,少女Ｓ,1980s,2009,2000s,100,1
Metallica,Disposable Heroes,1980s,1985,1980s,100,1
The Cure,Cold,1980s,1979,1970s,100,1
Duran Duran,Girls on Film - 2010 Remaster,1980s,,,0,0
Debbie Gibson,Red Hot,1980s,1987,1980s,100,1
Madonna,Push,1980s,2005,2000s,100,1
New Kids On The Block,Full Service,1980s,2009,2000s,100,1
Bryan Adams,You Can't Take Me,1980s,2002,2000s,100,1
New Order,Crystal,1980s,2001,2000s,100,1
Kylie Minogue,More More More,1980s,2001,2000s,100,1
Surface,空っぽの気持ち,1980s,1999,1990s,100,1
Sheena Easton,9 To 5 (Morning Train),1980s,1996,1990s,100,1
Guns N' Roses,It's So Easy,1980s,1987,1980s,100,1
Depeche Mode,Master and Servant,1980s,1984,1980s,100,1
Rick Astley,Never Gonna Stop,1980s,2023,2020s,100,1
Surface,Sunao na Niji,1980s,,,0,0
Tears For Fears,Until I Drown,1980s,1995,1990s,100,1
Depeche Mode,Heaven,1980s,2013,2010s,100,1
Bryan Adams,Sound The Bugle,1980s,2002,2000s,100,1
Tiffany,What Do I Do,1980s,2016,2010s,100,1
Babyface,Nobody Knows It But Me,1980s,,,0,0
Depeche Mode,A Question of Lust,1980s,1986,1980s,100,1
Foo Fighters,Everlong,1990s,1997,1990s,100,1
Weezer,I Just Threw Out the Love of My Dreams,1990s,1996,1990s,100,1
Limp Bizkit,Break Stuff,1990s,1999,1990s,100,1
JAY-Z,Empire State of Mind,1990s,2012,2010s,100,1
JAY-Z,Ni**as in Paris,1990s,2011,2010s,100,1
Eve,Kaikai Kitan,1990s,,,0,0
Pearl Jam,Black,1990s,1990,1990s,100,1
Nirvana,Heart-Shaped Box,1990s,1993,1990s,100,1
Weezer,Buddy Holly,1990s,1994,1990s,100,1
Limp Bizkit,Rollin' (Air Raid Vehicle),1990s,2000,2000s,100,1
Jade,Angel Of My Dreams,1990s,2024,2020s,100,1
JAY-Z,Otis,1990s,2011,2010s,100,1
The Smashing Pumpkins,Zero - Remastered 2012,1990s,,,0,0
Britney Spears,Work Bitch,1990s,2013,2010s,100,1
The Smashing Pumpkins,Luna - 2011 Remaster,1990s,,,0,0
Mobb Deep,Shook Ones Pt. II,1990s,2004,2000s,100,1
The Smashing Pumpkins,Mayonaise - 2011 Remaster,1990s,,,0,0
Pearl Jam,Even Flow,1990s,1990,1990s,100,1
JAY-Z,No Church in the Wild,1990s,2011,2010s,100,1
Britney Spears,Get Naked (I Got a Plan),1990s,2007,2000s,100,1
Eve,Dramaturgy,1990s,,,0,0
Britney Spears,Breathe on Me,1990s,2003,2000s,100,1
The Offspring,The Kids Aren't Alright,1990s,1998,1990s,100,1
Britney Spears,Freakshow,1990s,2007,2000s,100,1
Nirvana,Dumb,1990s,1993,1990s,100,1
Britney Spears,Toy Soldier,1990s,2007,2000s,100,1
Blink-182,Feeling This,1990s,2003,2000s,100,1
The Smashing Pumpkins,Today,1990s,1993,1990s,100,1
Weezer,Undone - The Sweater Song,1990s,1994,1990s,100,1
Nirvana,About a Girl,1990s,1992,1990s,100,1
Christina Aguilera,You Lost Me,1990s,2010,2010s,100,1
Britney Spears,Hot as Ice,1990s,2007,2000s,100,1
Jade,IT girl,1990s,2025,2020s,100,1
Weezer,Pink Triangle,1990s,1996,1990s,100,1
Britney Spears,Unusual You,1990s,2008,2000s,100,1
Jade,FUFN (Fuck You For Now),1990s,2025,2020s,100,1
Red Hot Chili Peppers,Snow (Hey Oh),1990s,2006,2000s,100,1
Jade,Fantasy,1990s,2002,2000s,100,1
Christina Aguilera,Lift Me Up,1990s,2010,2010s,100,1
Blink-182,Adam's Song,1990s,1999,1990s,100,1
Jade,Plastic Box,1990s,2025,2020s,100,1
Weezer,Say It Ain't So,1990s,1992,1990s,100,1
Britney Spears,Kill the Lights,1990s,2008,2000s,100,1
Christina Aguilera,Elastic Love,1990s,2010,2010s,100,1
Christina Aguilera,Desnudate,1990s,2010,2010s,100,1
Nas,N.Y. State of Mind,1990s,1994,1990s,100,1
Erykah Badu,Didn't Cha Know,1990s,2000,2000s,100,1
Christina Aguilera,Vanity,1990s,2010,2010s,100,1
Blink-182,First Date,1990s,1999,1990s,100,1
Christina Aguilera,Glam,1990s,2010,2010s,100,1
Christina Aguilera,Prima Donna,1990s,2010,2010s,100,1
Britney Spears,Ooh Ooh Baby,1990s,2007,2000s,100,1
Jade,Midnight Cowboy,1990s,2024,2020s,100,1
Britney Spears,Get Back,1990s,2007,2000s,100,1
Weezer,Island in the Sun,1990s,2001,2000s,100,1
Britney Spears,Perfect Lover,1990s,2007,2000s,100,1
Britney Spears,Heaven on Earth,1990s,2007,2000s,100,1
Nas,The World Is Yours,1990s,1994,1990s,100,1
Mariah Carey,Fly Like a Bird,1990s,2005,2000s,100,1
Christina Aguilera,I Hate Boys,1990s,2010,2010s,100,1
Eve,FightSong,1990s,,,0,0
Britney Spears,Why Should I Be Sad,1990s,2007,2000s,100,1
Christina Aguilera,Save Me from Myself,1990s,2006,2000s,100,1
Christina Aguilera,Welcome,1990s,2006,2000s,100,1
Christina Aguilera,Mercy on Me,1990s,2006,2000s,100,1
Foo Fighters,My Hero,1990s,1995,1990s,100,1
Blink-182,Dammit,1990s,1997,1990s,100,1
Christina Aguilera,Slow Down Baby,1990s,2006,2000s,100,1
Christina Aguilera,Without You,1990s,2006,2000s,100,1
Jade,Before You Break My Heart,1990s,2025,2020s,100,1
The Smashing Pumpkins,Cupid De Locke - Remastered 2012,1990s,,,0,0
Christina Aguilera,Understand,1990s,2006,2000s,100,1
Nirvana,Drain You,1990s,1992,1990s,100,1
Eve,Okinimesumama,1990s,,,0,0
Britney Spears,Out from Under,1990s,2008,2000s,100,1
2Pac,Life Goes On,1990s,1996,1990s,100,1
Eve,Tokyo Ghetto,1990s,,,0,0
Christina Aguilera,Still Dirrty,1990s,2006,2000s,100,1
Eve,Insomnia,1990s,2021,2020s,100,1
Nine Inch Nails,Head Like a Hole,1990s,1989,1980s,100,1
Christina Aguilera,Nasty Naughty Boy,1990s,2006,2000s,100,1
Blink-182,Always,1990s,2003,2000s,100,1
Christina Aguilera,On Our Way,1990s,2006,2000s,100,1
Eve,Nonsense Bungaku,1990s,,,0,0
Nirvana,Rape Me,1990s,1992,1990s,100,1
Nirvana,All Apologies,1990s,1993,1990s,100,1
Eminem,Space Bound,1990s,2010,2010s,100,1
JAY-Z,Why I Love You,1990s,2011,2010s,100,1
Britney Spears,Lace and Leather,1990s,2008,2000s,100,1
Jade,Unconditional,1990s,2025,2020s,100,1
A Tribe Called Quest,Electric Relaxation,1990s,1993,1990s,100,1
Britney Spears,My Prerogative,1990s,2004,2000s,100,1
Eve,Anoko Secret,1990s,,,0,0
Eve,Kororon,1990s,,,0,0
Annie Lennox,Loneliness,1990s,2003,2000s,100,1
Christina Aguilera,Back in the Day,1990s,2006,2000s,100,1
Nine Inch Nails,Wish,1990s,1991,1990s,100,1
Weezer,Why Bother?,1990s,1996,1990s,100,1
Mariah Carey,Butterfly,1990s,1997,1990s,100,1
Eve,Last Dance,1990s,,,0,0
Nirvana,In Bloom,1990s,1992,1990s,100,1
Nine Inch Nails,Right Where It Belongs,1990s,2005,2000s,100,1
Nirvana,The Man Who Sold the World,1990s,1994,1990s,100,1
Mariah Carey,It's a Wrap,1990s,2009,2000s,100,1
Eve,Ghost Avenue,1990s,,,0,0
Eve,Bokurano,1990s,,,0,0
Eminem,'Till I Collapse,1990s,2002,2000s,100,1
Christina Aguilera,Oh Mother,1990s,2006,2000s,100,1
Christina Aguilera,I Got Trouble,1990s,2006,2000s,100,1
Eve,Yoruwahonoka,1990s,,,0,0
Mariah Carey,Underneath the Stars,1990s,1995,1990s,100,1
Britney Spears,Blur,1990s,2008,2000s,100,1
No Doubt,Don't Speak,1990s,1995,1990s,100,1
Mariah Carey,Circles,1990s,2005,2000s,100,1
Pearl Jam,Alive,1990s,1992,1990s,100,1
Limp Bizkit,Take a Look Around,1990s,2000,2000s,100,1
Eve,Inochi No Tabekata,1990s,,,0,0
Eve,Taikutsuwo Saienshinaide,1990s,,,0,0
Weezer,The Good Life,1990s,1996,1990s,100,1
Eve,Bokuramadaunderground,1990s,,,0,0
Nirvana,Breed,1990s,1992,1990s,100,1
The Offspring,Self Esteem,1990s,1994,1990s,100,1
Nine Inch Nails,Sin,1990s,1991,1990s,100,1
Eve,Yuseiboushi,1990s,,,0,0
Eve,Touhikou,1990s,,,0,0
The Smashing Pumpkins,The Boy,1990s,1996,1990s,100,1
Blink-182,Stay Together for the Kids,1990s,1999,1990s,100,1
Eve,LEO,1990s,2020,2020s,100,1
Weezer,El Scorcho,1990s,1996,1990s,100,1
Silk,Superstar,1990s,1999,1990s,100,1
En Vogue,With My Honey,1990s,2002,2000s,100,1
Eve,Outsider,1990s,,,0,0
Hi-Five,After The Club,1990s,2005,2000s,100,1
Pearl Jam,Jeremy,1990s,1991,1990s,100,1
Blink-182,Down,1990s,2003,2000s,100,1
Weezer,Across the Sea,1990s,1996,1990s,100,1
Nine Inch Nails,Discipline,1990s,2008,2000s,100,1
Tori Amos,Winter,1990s,1991,1990s,100,1
Blink-182,Dumpweed,1990s,1998,1990s,100,1
Mariah Carey,I Stay in Love,1990s,2008,2000s,100,1
Eve,Shinkai,1990s,,,0,0
Nine Inch Nails,The Fragile,1990s,1999,1990s,100,1
Xscape,Keep It On The Real,1990s,1995,1990s,100,1
Jade,Church,1990s,2025,2020s,100,1
Eve,Demon Dance Tokyo,1990s,,,0,0
Nine Inch Nails,We're in This Together,1990s,1999,1990s,100,1
Eve,Underdog,1990s,2025,2020s,100,1
Nas,Life's A Bitch (feat. AZ & Olu Dara),1990s,,,0,0
Mariah Carey,Stay the Night,1990s,2005,2000s,100,1
OutKast,Da Art of Storytellin' (Pt. 1),1990s,1999,1990s,100,1
Britney Spears,Born to Make You Happy,1990s,1999,1990s,100,1
Toni Braxton,Make My Heart,1990s,2010,2010s,100,1
Jade,Lip Service,1990s,2025,2020s,100,1
Nine Inch Nails,Terrible Lie,1990s,1989,1980s,100,1
Backstreet Boys,Straight Through My Heart,1990s,2009,2000s,100,1
Nirvana,Marigold,1990s,1993,1990s,100,1
JAY-Z,Gotta Have It,1990s,2011,2010s,100,1
Mariah Carey,Mine Again,1990s,2005,2000s,100,1
Tracy Lawrence,Somebody Paints The Wall,1990s,1991,1990s,100,1
Nine Inch Nails,"Starfuckers, Inc.",1990s,1999,1990s,100,1
Jessica Simpson,The Lover in Me,1990s,2006,2000s,100,1
Nirvana,Aneurysm,1990s,1993,1990s,100,1
Foo Fighters,Arlandria,1990s,2011,2010s,100,1
Coolio,Gangsta's Paradise,1990s,1995,1990s,100,1
Sheryl Crow,Real Gone,1990s,2006,2000s,100,1
Eve,Avant,1990s,2000,2000s,100,1
Timbaland,apologize (feat one republic),1990s,,,0,0
Eve,Heikousen,1990s,,,0,0
Nas,Still Dreaming,1990s,2006,2000s,100,1
Jade,Self Saboteur,1990s,2025,2020s,100,1
Limp Bizkit,Hot Dog,1990s,2000,2000s,100,1
Jade,Natural at Disaster,1990s,2025,2020s,100,1
The Notorious B.I.G.,Big Poppa - 2005 Remaster,1990s,,,0,0
Eve,Ao no Waltz,1990s,,,0,0
Faith Evans,White Christmas,1990s,2005,2000s,100,1
Jamie Foxx,Fly Love,1990s,2011,2010s,100,1
Eve,Gunjo Sanka,1990s,,,0,0
Maxwell,Safari,1990s,2016,2010s,100,1
Billy Ray Cyrus,Somebody New,1990s,1993,1990s,100,1
Limp Bizkit,My Generation,1990s,2000,2000s,100,1
JAY-Z,Run This Town,1990s,2012,2010s,100,1
Jade,Glitch,1990s,2025,2020s,100,1
Eve,心予報,1990s,2020,2020s,100,1
Tracy Byrd,The First Step,1990s,1994,1990s,100,1
Nirvana,Lounge Act,1990s,1991,1990s,100,1
Eve,Aisai,1990s,,,0,0
Eve,レーゾンデートル,1990s,2019,2010s,100,1
Nine Inch Nails,Sunspots,1990s,2005,2000s,100,1
Celine Dion,Loved Me Back to Life,1990s,2013,2010s,100,1
Nine Inch Nails,Somewhat Damaged,1990s,1999,1990s,100,1
Jade,Silent Disco,1990s,2025,2020s,100,1
Pearl Jam,Yellow Ledbetter,1990s,1995,1990s,100,1
Blink-182,Stockholm Syndrome,1990s,2003,2000s,100,1
Nine Inch Nails,The Wretched,1990s,1999,1990s,100,1
Jade,Headache,1990s,2025,2020s,100,1
Nine Inch Nails,Hurt,1990s,1995,1990s,100,1
OutKast,B.O.B. - Bombs Over Baghdad,1990s,,,0,0
Nine Inch Nails,Just Like You Imagined,1990s,1999,1990s,100,1
Eve,Raison Detre,1990s,,,0,0
Christina Aguilera,Walk Away,1990s,2002,2000s,100,1
Eve,Bouto,1990s,,,0,0
Jennifer Lopez,Dance Again feat. Pitbull,1990s,,,0,0
Eve,Kokoroyohou,1990s,,,0,0
JAY-Z,Numb / Encore,1990s,2004,2000s,100,1
R. Kelly,Legs Shakin' (Feat. Ludacris),1990s,,,0,0
Mariah Carey,Open Arms,1990s,1995,1990s,100,1
Total,Прости,1990s,2006,2000s,100,1
Blink-182,Carousel,1990s,1994,1990s,100,1
Nine Inch Nails,The Great Below,1990s,1999,1990s,100,1
Eve,Wakusei Loop,1990s,,,0,0
Backstreet Boys,Bigger,1990s,2009,2000s,100,1
Eve,闇夜,1990s,2019,2010s,100,1
Eve,lazy cat,1990s,2024,2020s,100,1
Blink-182,Going Away to College,1990s,1999,1990s,100,1
D'Angelo,Unshaken,1990s,2018,2010s,100,1
Foo Fighters,Monkey Wrench,1990s,1997,1990s,100,1
Nine Inch Nails,Into the Void,1990s,1999,1990s,100,1
Weezer,Falling for You,1990s,1996,1990s,100,1
Jade,If My Heart Was a House,1990s,2025,2020s,100,1
Weezer,Tired of Sex,1990s,1995,1990s,100,1
Tevin Campbell,I 2 I,1990s,1995,1990s,100,1
Britney Spears,"I'm Not a Girl, Not Yet a Woman",1990s,2001,2000s,100,1
Jodeci,The Show,1990s,1995,1990s,100,1
Total,Шива,1990s,2006,2000s,100,1
Blink-182,Aliens Exist,1990s,1998,1990s,100,1
Nirvana,Polly,1990s,1992,1990s,100,1
Blink-182,Violence,1990s,2003,2000s,100,1
Enrique Iglesias,Ring My Bells,1990s,2007,2000s,100,1
No Doubt,Looking Hot,1990s,2012,2010s,100,1
Jade,Use Me,1990s,2025,2020s,100,1
Brandy,When You Touch Me,1990s,2002,2000s,100,1
Total,Дальтоник,1990s,2001,2000s,100,1
Foo Fighters,Bridge Burning,1990s,2011,2010s,100,1
Blink-182,Not Now,1990s,2003,2000s,100,1
Nine Inch Nails,The Frail,1990s,1999,1990s,100,1
Michael W. Smith,Carol Ann,1990s,2000,2000s,100,1
Britney Spears,Boys,1990s,2001,2000s,100,1
Eve,YOKU,1990s,2022,2020s,100,1
Nirvana,Love Buzz,1990s,1990,1990s,100,1
Wyclef Jean,Sweetest Girl,1990s,2007,2000s,100,1
Eve,Nonsence philosophy,1990s,,,0,0
Red Hot Chili Peppers,Wet Sand,1990s,2006,2000s,100,1
Foo Fighters,Dear Rosemary,1990s,2011,2010s,100,1
Third Eye Blind,Blinded,1990s,2003,2000s,100,1
Total,Тоска,1990s,2001,2000s,100,1
Snoop Dogg,"Young, Wild & Free (feat. Bruno Mars)",1990s,,,0,0
Brandy,The Boy Is Mine,1990s,1998,1990s,100,1
Faith Evans,Beautiful - Interlude,1990s,,,0,0
Blink-182,Anthem Part Two,1990s,1999,1990s,100,1
The Notorious B.I.G.,Suicidal Thoughts - 2005 Remaster,1990s,,,0,0
Taylor Swift,Don’t Blame Me,2000s,2017,2010s,100,1
Lady Gaga,Die with a Smile,2000s,2025,2020s,100,1
Kanye West,Devil in a New Dress,2000s,2010,2010s,100,1
Kanye West,I Wonder,2000s,2007,2000s,100,1
Taylor Swift,Getaway Car,2000s,2017,2010s,100,1
will.i.am,Scream & Shout,2000s,2012,2010s,100,1
My Chemical Romance,Helena,2000s,2004,2000s,100,1
Paramore,All I Wanted,2000s,2009,2000s,100,1
Lady Gaga,Rain on Me (with Ariana Grande),2000s,,,0,0
Coldplay,My Universe,2000s,2021,2020s,100,1
Kanye West,No More Parties in LA,2000s,2016,2010s,100,1
Taylor Swift,I Did Something Bad,2000s,2017,2010s,100,1
My Chemical Romance,You Know What They Do to Guys Like Us in Prison,2000s,2004,2000s,100,1
Lady Gaga,Monster,2000s,2009,2000s,100,1
My Chemical Romance,Dead!,2000s,2006,2000s,100,1
My Chemical Romance,I Don't Love You,2000s,2006,2000s,100,1
Kanye West,On Sight,2000s,2013,2010s,100,1
My Chemical Romance,Thank You for the Venom,2000s,2004,2000s,100,1
Lady Gaga,Government Hooker,2000s,2011,2010s,100,1
Panic! At The Disco,Lying Is the Most Fun a Girl Can Have Without Taking Her Clothes Off,2000s,2005,2000s,100,1
Miley Cyrus,Angels Like You,2000s,2020,2020s,100,1
Drake,Yebba’s Heartbreak,2000s,2021,2020s,100,1
My Chemical Romance,Cemetery Drive,2000s,2004,2000s,100,1
Katy Perry,Harleys in Hawaii,2000s,2019,2010s,100,1
Lady Gaga,Heavy Metal Lover,2000s,2011,2010s,100,1
Drake,Rich Flex,2000s,2023,2020s,100,1
Lady Gaga,Sour Candy (with BLACKPINK),2000s,,,0,0
My Chemical Romance,Cancer,2000s,2006,2000s,100,1
Lady Gaga,Dance in the Dark,2000s,2009,2000s,100,1
System Of A Down,Lonely Day,2000s,2005,2000s,100,1
My Chemical Romance,Mama,2000s,2006,2000s,100,1
Drake,Jungle,2000s,2015,2010s,100,1
Paramore,Brick by Boring Brick,2000s,2009,2000s,100,1
Kanye West,Hold My Liquor,2000s,2013,2010s,100,1
Drake,Spin Bout U,2000s,2022,2020s,100,1
Lady Gaga,911,2000s,2020,2020s,100,1
My Chemical Romance,Demolition Lovers,2000s,2002,2000s,100,1
Kanye West,Gorgeous,2000s,2005,2000s,100,1
Panic! At The Disco,New Perspective,2000s,2009,2000s,100,1
Linkin Park,Papercut,2000s,2000,2000s,100,1
Rihanna,Consideration,2000s,2016,2010s,100,1
Kanye West,Everything I Am,2000s,2007,2000s,100,1
Paramore,This Is Why,2000s,2022,2020s,100,1
My Chemical Romance,This Is How I Disappear,2000s,2006,2000s,100,1
Panic! At The Disco,"Build God, Then We'll Talk",2000s,2005,2000s,100,1
Drake,Summers Over Interlude,2000s,2016,2010s,100,1
My Chemical Romance,House of Wolves,2000s,2006,2000s,100,1
Kanye West,Champion,2000s,2007,2000s,100,1
Lady Gaga,So Happy I Could Die,2000s,2009,2000s,100,1
Paramore,Playing God,2000s,2009,2000s,100,1
My Chemical Romance,"Give 'Em Hell, Kid",2000s,2004,2000s,100,1
Lady Gaga,ScheiBe,2000s,,,0,0
My Chemical Romance,Disenchanted,2000s,2006,2000s,100,1
My Chemical Romance,To the End,2000s,2004,2000s,100,1
System Of A Down,Sugar,2000s,1995,1990s,100,1
My Chemical Romance,Early Sunsets Over Monroeville,2000s,2002,2000s,100,1
Kanye West,Wolves,2000s,2016,2010s,100,1
My Chemical Romance,I Never Told You What I Do for a Living,2000s,2004,2000s,100,1
Lady Gaga,Americano,2000s,2011,2010s,100,1
Paramore,Rose-Colored Boy,2000s,2017,2010s,100,1
My Chemical Romance,Our Lady of Sorrows,2000s,2002,2000s,100,1
Kanye West,Good Morning,2000s,2007,2000s,100,1
Coldplay,The Scientist,2000s,2002,2000s,100,1
My Chemical Romance,"Honey, This Mirror Isn't Big Enough for the Two of Us",2000s,2002,2000s,100,1
Beyonce,Haunted,2000s,2013,2010s,100,1
My Chemical Romance,Vampires Will Never Hurt You,2000s,2001,2000s,100,1
Korn,Freak on a Leash,2000s,1998,1990s,100,1
My Chemical Romance,"It's Not a Fashion Statement, It's a Deathwish",2000s,2004,2000s,100,1
Justin Bieber,Flatline,2000s,2013,2010s,100,1
Kid Cudi,Day 'n' Nite (Nightmare),2000s,2008,2000s,100,1
My Chemical Romance,Planetary (GO!),2000s,2010,2010s,100,1
Selena Gomez,People You Know,2000s,2020,2020s,100,1
My Chemical Romance,The Jetset Life Is Gonna Kill You,2000s,2004,2000s,100,1
My Chemical Romance,The End.,2000s,2004,2000s,100,1
Linkin Park,Two Faced,2000s,2024,2020s,100,1
Drake,Over My Dead Body,2000s,2011,2010s,100,1
My Chemical Romance,Drowning Lessons,2000s,2002,2000s,100,1
Miley Cyrus,Plastic Hearts,2000s,2020,2020s,100,1
Kanye West,Street Lights,2000s,2008,2000s,100,1
Panic! At The Disco,But It's Better If You Do,2000s,2005,2000s,100,1
Paramore,Misguided Ghosts,2000s,2009,2000s,100,1
Panic! At The Disco,Camisado,2000s,2005,2000s,100,1
Fall Out Boy,Bang the Doldrums,2000s,2007,2000s,100,1
My Chemical Romance,DESTROYA,2000s,2010,2010s,100,1
My Chemical Romance,Boy Division,2000s,2012,2010s,100,1
Selena Gomez,Souvenir,2000s,2020,2020s,100,1
My Chemical Romance,The Foundations of Decay,2000s,2022,2020s,100,1
Rihanna,James Joint,2000s,2016,2010s,100,1
Panic! At The Disco,Time to Dance,2000s,2005,2000s,100,1
My Chemical Romance,Headfirst for Halos,2000s,2002,2000s,100,1
Adele,Love in the Dark,2000s,2015,2010s,100,1
David Guetta,I'm Good (Blue),2000s,2023,2020s,100,1
Drake,Practice,2000s,2011,2010s,100,1
John Mayer,New Light,2000s,2018,2010s,100,1
My Chemical Romance,Hang 'Em High,2000s,2004,2000s,100,1
Jason Mraz,Lucky,2000s,2008,2000s,100,1
My Chemical Romance,Interlude,2000s,2004,2000s,100,1
Panic! At The Disco,Northern Downpour,2000s,2008,2000s,100,1
Kid Cudi,love.,2000s,2010,2010s,100,1
Linkin Park,Castle of Glass,2000s,2012,2010s,100,1
My Chemical Romance,Summertime,2000s,2010,2010s,100,1
Kelly Rowland,Commander,2000s,2010,2010s,100,1
Miley Cyrus,WTF Do I Know,2000s,2020,2020s,100,1
Paramore,Pressure,2000s,2005,2000s,100,1
Katy Perry,Legendary Lovers,2000s,2013,2010s,100,1
Korn,Falling Away From Me,2000s,1999,1990s,100,1
My Chemical Romance,Sleep,2000s,2006,2000s,100,1
My Chemical Romance,Bulletproof Heart,2000s,2010,2010s,100,1
My Chemical Romance,Vampire Money,2000s,2010,2010s,100,1
John Mayer,Slow Dancing in a Burning Room,2000s,2006,2000s,100,1
Kings Of Leon,Closer,2000s,2008,2000s,100,1
Kanye West,Family Business,2000s,2003,2000s,100,1
Panic! At The Disco,"There's a Good Reason These Tables Are Numbered Honey, You Just Haven't Thought of It Yet",2000s,2005,2000s,100,1
Paramore,Turn It Off,2000s,2009,2000s,100,1
Fall Out Boy,Disloyal Order of Water Buffaloes,2000s,2008,2000s,100,1
Katy Perry,Smile,2000s,2013,2010s,100,1
Linkin Park,A Place for My Head,2000s,1999,1990s,100,1
Lady Gaga,Summerboy,2000s,2008,2000s,100,1
Panic! At The Disco,House of Memories,2000s,2016,2010s,100,1
Korn,Y'all Want A Single,2000s,2003,2000s,100,1
Paramore,Fences,2000s,2007,2000s,100,1
Demi Lovato,Fast,2000s,2025,2020s,100,1
Paramore,I Caught Myself,2000s,2008,2000s,100,1
Paramore,Told You So,2000s,2017,2010s,100,1
Linkin Park,One More Light,2000s,2017,2010s,100,1
Paramore,Crave,2000s,2023,2020s,100,1
Selena Gomez,Vulnerable,2000s,2020,2020s,100,1
Panic! At The Disco,LA Devotee,2000s,2015,2010s,100,1
Paramore,Emergency,2000s,2005,2000s,100,1
Paramore,Let the Flames Begin,2000s,2007,2000s,100,1
Fall Out Boy,I'm Like a Lawyer With the Way I'm Always Trying to Get You Off (Me & You),2000s,2022,2020s,100,1
Paramore,(One of Those) Crazy Girls,2000s,2013,2010s,100,1
My Chemical Romance,Skylines and Turnstiles,2000s,2002,2000s,100,1
Chris Brown,Girl You Loud,2000s,2015,2010s,100,1
Paramore,When It Rains,2000s,2007,2000s,100,1
Paramore,Running Out of Time,2000s,2023,2020s,100,1
Demi Lovato,SKIN OF MY TEETH,2000s,2022,2020s,100,1
Miley Cyrus,Gimme What I Want,2000s,2020,2020s,100,1
Linkin Park,From the Inside,2000s,2003,2000s,100,1
Selena Gomez,Dance Again,2000s,2020,2020s,100,1
Evanescence,Going Under,2000s,2003,2000s,100,1
Green Day,Last Night on Earth,2000s,2009,2000s,100,1
My Chemical Romance,Party Poison,2000s,2010,2010s,100,1
Paramore,Fake Happy,2000s,2017,2010s,100,1
3OH!3,Richman,2000s,2008,2000s,100,1
Linkin Park,Points of Authority,2000s,2000,2000s,100,1
Kid Cudi,GHOST!,2000s,2010,2010s,100,1
My Chemical Romance,Cubicles,2000s,2001,2000s,100,1
Kanye West,Hell of a Life,2000s,2010,2010s,100,1
Three Days Grace,Riot,2000s,2006,2000s,100,1
Lady Gaga,Teeth,2000s,2009,2000s,100,1
Lady Gaga,Shallow,2000s,2022,2020s,100,1
Paramore,My Heart,2000s,2005,2000s,100,1
Miley Cyrus,Night Crawling (feat. Billy Idol),2000s,,,0,0
Fall Out Boy,The Last of the Real Ones,2000s,2017,2010s,100,1
Selena Gomez,Ring,2000s,2020,2020s,100,1
My Chemical Romance,The Only Hope for Me Is You,2000s,2010,2010s,100,1
Avril Lavigne,Bite Me,2000s,2021,2020s,100,1
Rihanna,Same Ol’ Mistakes,2000s,2016,2010s,100,1
Paramore,Caught in the Middle,2000s,2017,2010s,100,1
Paramore,Last Hope,2000s,2013,2010s,100,1
Miley Cyrus,Who Owns My Heart,2000s,2010,2010s,100,1
Chris Brown,Go Crazy,2000s,2020,2020s,100,1
3OH!3,DONTTRUSTME,2000s,2008,2000s,100,1
Demi Lovato,Here All Night,2000s,2025,2020s,100,1
System Of A Down,Violent Pornography,2000s,2005,2000s,100,1
Three Days Grace,Time of Dying,2000s,2006,2000s,100,1
Daddy Yankee,Con Calma,2000s,2020,2020s,100,1
Paramore,Born for This,2000s,2007,2000s,100,1
Coldplay,Don't Panic,2000s,1999,1990s,100,1
Linkin Park,Don't Stay,2000s,2003,2000s,100,1
Drake,Money In The Grave (Drake ft. Rick Ross),2000s,,,0,0
Fall Out Boy,20 Dollar Nose Bleed,2000s,2008,2000s,100,1
The Pussycat Dolls,React,2000s,2020,2020s,100,1
Korn,Got the Life,2000s,1998,1990s,100,1
Kanye West,We Don't Care,2000s,2004,2000s,100,1
Rihanna,Woo,2000s,2016,2010s,100,1
Katy Perry,"I'M HIS, HE'S MINE (feat. Doechii)",2000s,,,0,0
Miley Cyrus,Never Be Me,2000s,2018,2010s,100,1
Fall Out Boy,Nobody Puts Baby in the Corner,2000s,2004,2000s,100,1
Demi Lovato,SUBSTANCE,2000s,2022,2020s,100,1
Panic! At The Disco,Don't Threaten Me with a Good Time,2000s,2015,2010s,100,1
Demi Lovato,EAT ME (feat. Royal & the Serpent),2000s,,,0,0
Korn,Twist,2000s,1996,1990s,100,1
Selena Gomez,Wolves,2000s,2017,2010s,100,1
Selena Gomez,Me & the Rhythm,2000s,2015,2010s,100,1
Ke$ha,The Harold Song,2000s,2010,2010s,100,1
My Chemical Romance,This Is the Best Day Ever,2000s,2002,2000s,100,1
Fall Out Boy,She's My Winona,2000s,2008,2000s,100,1
System Of A Down,Radio/Video,2000s,2005,2000s,100,1
Fall Out Boy,XO,2000s,2005,2000s,100,1
Fall Out Boy,"""The Take Over, the Breaks Over""",2000s,2007,2000s,100,1
Green Day,Basket Case,2000s,1993,1990s,100,1
Gucci Mane,Wake Up in the Sky,2000s,2018,2010s,100,1
Fall Out Boy,Grand Theft Autumn / Where Is Your Boy,2000s,2004,2000s,100,1
Korn,All In The Family (feat. Fred Durst),2000s,,,0,0
Evanescence,My Heart Is Broken,2000s,2011,2010s,100,1
Ke$ha,Sleazy,2000s,2010,2010s,100,1
Selena Gomez,A Sweeter Place (feat. Kid Cudi),2000s,,,0,0
Panic! At The Disco,Nearly Witches (Ever Since We Met...),2000s,2011,2010s,100,1
Green Day,Brain Stew,2000s,1995,1990s,100,1
My Chemical Romance,Romance,2000s,2002,2000s,100,1
Kid Cudi,The Prayer,2000s,2008,2000s,100,1
Panic! At The Disco,London Beckoned Songs About Money Written by Machines,2000s,2005,2000s,100,1
Panic! At The Disco,"Nails for Breakfast, Tacks for Snacks",2000s,2005,2000s,100,1
Three Days Grace,Gone Forever,2000s,2006,2000s,100,1
My Chemical Romance,The World Is Ugly,2000s,2012,2010s,100,1
Selena Gomez,Let Me Get Me,2000s,2020,2020s,100,1
Selena Gomez,Sober,2000s,2015,2010s,100,1
Miley Cyrus,Unholy,2000s,2019,2010s,100,1
Linkin Park,With You,2000s,2000,2000s,100,1
Paramore,Hallelujah,2000s,2007,2000s,100,1
System Of A Down,Cigaro,2000s,2005,2000s,100,1
My Chemical Romance,The Kids from Yesterday,2000s,2010,2010s,100,1
Paramore,Looking Up,2000s,2009,2000s,100,1
Fall Out Boy,Where Did the Party Go,2000s,2013,2010s,100,1
Kelly Clarkson,What Doesn't Kill You (Stronger),2000s,,,0,0
Linkin Park,Figure.09,2000s,2003,2000s,100,1
Adele,Hometown Glory,2000s,2007,2000s,100,1
Paramore,Where the Lines Overlap,2000s,2009,2000s,100,1
Rihanna,Higher,2000s,2016,2010s,100,1
Evanescence,Oceans,2000s,2011,2010s,100,1
Paramore,"For a Pessimist, I'm Pretty Optimistic",2000s,2007,2000s,100,1
Selena Gomez,Ojos Tristes (with The Marías),2000s,,,0,0
Selena Gomez,Cut You Off,2000s,2020,2020s,100,1
Ke$ha,Warrior,2000s,2012,2010s,100,1
Evanescence,The Change,2000s,2011,2010s,100,1
Shakira,Las de la Intuición,2000s,2005,2000s,100,1
Miley Cyrus,Violet Chemistry,2000s,2023,2020s,100,1
Ke$ha,Supernatural,2000s,2012,2010s,100,1
Kid Cudi,Soundtrack 2 My Life,2000s,2009,2000s,100,1
Selena Gomez,Call Me When You Break Up (with Gracie Abrams),2000s,,,0,0
Evanescence,Never Go Back,2000s,2011,2010s,100,1
Selena Gomez,Kinda Crazy,2000s,2020,2020s,100,1
Kings Of Leon,Pyro,2000s,2010,2010s,100,1
Paramore,We Are Broken,2000s,2007,2000s,100,1
Fall Out Boy,Hum Hallelujah,2000s,2007,2000s,100,1
Kid Cudi,The Void,2000s,2020,2020s,100,1
Selena Gomez,Crowded Room (feat. 6LACK),2000s,,,0,0
System Of A Down,I-E-A-I-A-I-O,2000s,2002,2000s,100,1
Fall Out Boy,Get Busy Living or Get Busy Dying (Do Your Part to Save the Scene and Stop Going to Shows),2000s,2005,2000s,100,1
Chris Brown,Angel Numbers / Ten Toes,2000s,2023,2020s,100,1
Demi Lovato,Kiss,2000s,2025,2020s,100,1
Fall Out Boy,Sophomore Slump or Comeback of the Year,2000s,2005,2000s,100,1
50 Cent,Many Men (Wish Death),2000s,2003,2000s,100,1
OneRepublic,Nobody - from Kaiju No. 8,2000s,2025,2020s,100,1
John Mayer,Edge of Desire,2000s,2009,2000s,100,1
Flo Rida,Confessions (feat. HEESEUNG & JAKE of ENHYPEN x Paul Russell),2000s,,,0,0
Beyonce,Pretty Hurts,2000s,2013,2010s,100,1
Green Day,Good Riddance (Time of Your Life),2000s,1997,1990s,100,1
Frank Ocean,White Ferrari,2010s,2016,2010s,100,1
Frank Ocean,Self Control,2010s,2016,2010s,100,1
Charli XCX,Von dutch,2010s,2024,2020s,100,1
Playboi Carti,Location,2010s,2017,2010s,100,1
Charli XCX,Guess featuring billie eilish,2010s,,,0,0
The Weeknd,"One of the Girls (with JENNIE, Lily Rose Depp)",2010s,,,0,0
"Tyler, The Creator",She,2010s,2021,2020s,100,1
Playboi Carti,ILoveUIHateU,2010s,2020,2020s,100,1
BTS,Blood Sweat & Tears,2010s,2018,2010s,100,1
Childish Gambino,LES,2010s,2011,2010s,100,1
Playboi Carti,Sky,2010s,2020,2020s,100,1
Lana Del Rey,Let the Light In (feat. Father John Misty),2010s,,,0,0
Lana Del Rey,Cinnamon Girl,2010s,2019,2010s,100,1
Lorde,Supercut,2010s,2017,2010s,100,1
Kendrick Lamar,luther (with SZA),2010s,,,0,0
Lana Del Rey,Brooklyn Baby,2010s,2014,2010s,100,1
A$AP Rocky,Sundress,2010s,2018,2010s,100,1
Lil Uzi Vert,20 Min,2010s,2017,2010s,100,1
Metro Boomin,Trance (with Travis Scott & Young Thug),2010s,,,0,0
Playboi Carti,R.I.P.,2010s,2018,2010s,100,1
Lana Del Rey,White Mustang,2010s,2017,2010s,100,1
"Tyler, The Creator",ARE WE STILL FRIENDS?,2010s,2019,2010s,100,1
Future,Like That,2010s,2022,2020s,100,1
Lana Del Rey,Norman fucking Rockwell,2010s,2019,2010s,100,1
BTS,Euphoria,2010s,2018,2010s,100,1
Lana Del Rey,The Other Woman,2010s,2014,2010s,100,1
BTS,Spring Day,2010s,2017,2010s,100,1
Charli XCX,365,2010s,2024,2020s,100,1
BTS,I NEED U,2010s,2015,2010s,100,1
Kendrick Lamar,Money Trees,2010s,2013,2010s,100,1
Lana Del Rey,How to disappear,2010s,2019,2010s,100,1
Mac Miller,The Spins,2010s,2010,2010s,100,1
Lana Del Rey,Dealer,2010s,2021,2020s,100,1
Charli XCX,B2b,2010s,2024,2020s,100,1
BTS,Pied Piper,2010s,2017,2010s,100,1
Frank Ocean,Lost,2010s,2010,2010s,100,1
A$AP Rocky,I Smoked Away My Brain (I'm God x Demons Mashup) (feat. Imogen Heap & Clams Casino),2010s,,,0,0
Lana Del Rey,Chemtrails Over the Country Club,2010s,2021,2020s,100,1
BTS,Dimple,2010s,,,0,0
Joji,YEAH RIGHT,2010s,2018,2010s,100,1
Frank Ocean,Seigfried,2010s,2016,2010s,100,1
Lana Del Rey,Mariners Apartment Complex,2010s,2018,2010s,100,1
Lorde,Perfect Places,2010s,2017,2010s,100,1
BTS,RUN,2010s,2015,2010s,100,1
BTS,HOME,2010s,2017,2010s,100,1
"Tyler, The Creator","GONE, GONE / THANK YOU",2010s,2019,2010s,100,1
Playboi Carti,New Tank,2010s,2020,2020s,100,1
Lana Del Rey,Happiness is a butterfly,2010s,2019,2010s,100,1
Lana Del Rey,Cherry,2010s,2017,2010s,100,1
BTS,Burning Up (FIRE),2010s,2025,2020s,100,1
Future,Type Shit,2010s,2024,2020s,100,1
Charli XCX,Club classics,2010s,2024,2020s,100,1
BTS,Airplane pt.2,2010s,2018,2010s,100,1
Megan Thee Stallion,Neva Play (feat. RM of BTS),2010s,,,0,0
Lana Del Rey,National Anthem,2010s,2012,2010s,100,1
Lana Del Rey,Pretty When You Cry,2010s,2014,2010s,100,1
Frank Ocean,Pink Matter,2010s,2012,2010s,100,1
SZA,Drew Barrymore,2010s,2017,2010s,100,1
BTS,Dope,2010s,2025,2020s,100,1
Frank Ocean,Pyramids,2010s,2012,2010s,100,1
Playboi Carti,Stop Breathing,2010s,2020,2020s,100,1
BTS,Mikrokosmos,2010s,2019,2010s,100,1
BTS,Dionysus,2010s,2019,2010s,100,1
Harry Styles,Fine Line,2010s,2019,2010s,100,1
Lil Yachty,drive ME crazy!,2010s,2023,2020s,100,1
BTS,Boy In Luv,2010s,2014,2010s,100,1
BTS,Just One Day,2010s,2014,2010s,100,1
BTS,No More Dream,2010s,2013,2010s,100,1
Lana Del Rey,Born to Die,2010s,2011,2010s,100,1
A$AP Rocky,Fashion Killa,2010s,2013,2010s,100,1
BTS,Save ME,2010s,2016,2010s,100,1
BTS,Magic Shop,2010s,2018,2010s,100,1
Charli XCX,Good Ones,2010s,2021,2020s,100,1
Playboi Carti,Over,2010s,2020,2020s,100,1
"Tyler, The Creator",BEST INTEREST,2010s,2020,2020s,100,1
Lana Del Rey,Blue Jeans,2010s,2011,2010s,100,1
Playboi Carti,RATHER LIE (with The Weeknd),2010s,,,0,0
BTS,Danger,2010s,2014,2010s,100,1
BTS,Anpanman,2010s,2018,2010s,100,1
BTS,Love Maze,2010s,2018,2010s,100,1
Charli XCX,"Girl, so confusing featuring lorde",2010s,,,0,0
Metro Boomin,Superhero (Heroes & Villains) [with Future & Chris Brown],2010s,2023,2020s,100,1
SZA,Normal Girl,2010s,2017,2010s,100,1
Lana Del Rey,Fuck it I love you,2010s,2019,2010s,100,1
Lana Del Rey,Venice Bitch,2010s,2018,2010s,100,1
Lana Del Rey,Ride,2010s,2012,2010s,100,1
The Weeknd,São Paulo (feat. Anitta),2010s,,,0,0
BLACKPINK,AS IF IT'S YOUR LAST,2010s,2017,2010s,100,1
BTS,Silver Spoon,2010s,2025,2020s,100,1
BTS,Best of Me,2010s,2017,2010s,100,1
BTS,Lie,2010s,2016,2010s,100,1
BTS,Jamais Vu,2010s,2019,2010s,100,1
Lorde,The Louvre,2010s,2017,2010s,100,1
BTS,Butterfly,2010s,2015,2010s,100,1
21 Savage,ball w/o you,2010s,2018,2010s,100,1
BTS,Go Go,2010s,2018,2010s,100,1
BTS,Not Today,2010s,2017,2010s,100,1
BTS,Trivia 轉 : Seesaw,2010s,2018,2010s,100,1
BTS,UGH!,2010s,2020,2020s,100,1
Billie Eilish,"What Was I Made For? [From the Motion Picture ""Barbie""]",2010s,,,0,0
Frank Ocean,Godspeed,2010s,2016,2010s,100,1
BTS,Like,2010s,2026,2020s,100,1
BTS,Epiphany,2010s,2018,2010s,100,1
Childish Gambino,3005,2010s,2013,2010s,100,1
Playboi Carti,Rockstar Made,2010s,2020,2020s,100,1
Playboi Carti,On That Time,2010s,2020,2020s,100,1
BTS,134340,2010s,2018,2010s,100,1
Kendrick Lamar,LOVE. FEAT. ZACARI.,2010s,,,0,0
Lorde,Buzzcut Season,2010s,2013,2010s,100,1
Lana Del Rey,Sad Girl,2010s,2014,2010s,100,1
SZA,Supermodel,2010s,2017,2010s,100,1
Playboi Carti,Lean 4 Real (feat. Skepta),2010s,,,0,0
BLACKPINK,Ice Cream (with Selena Gomez),2010s,,,0,0
Post Malone,Sunflower - Spider-Man: Into the Spider-Verse,2010s,2018,2010s,100,1
Lana Del Rey,Off to the Races,2010s,2011,2010s,100,1
Joji,Worldstar Money (Interlude),2010s,2016,2010s,100,1
Future,Solo,2010s,2017,2010s,100,1
XXXTENTACION,I don't wanna do this anymore,2010s,2017,2010s,100,1
Playboi Carti,Foreign,2010s,2018,2010s,100,1
BLACKPINK,Typa Girl,2010s,2022,2020s,100,1
Kendrick Lamar,Die Hard,2010s,2022,2020s,100,1
Lana Del Rey,A&W,2010s,2023,2020s,100,1
j-hope,Daydream (백일몽),2010s,,,0,0
Metro Boomin,Creepin' (with The Weeknd & 21 Savage),2010s,,,0,0
Lana Del Rey,Art Deco,2010s,2015,2010s,100,1
Lana Del Rey,Love song,2010s,2019,2010s,100,1
Childish Gambino,Heartbeat,2010s,2011,2010s,100,1
21 Savage,Glock In My Lap,2010s,2020,2020s,100,1
Joji,Like You Do,2010s,2020,2020s,100,1
Playboi Carti,Flex,2010s,2017,2010s,100,1
Kendrick Lamar,All the Stars (with SZA),2010s,,,0,0
"Tyler, The Creator",IFHY (feat. Pharrell),2010s,2013,2010s,100,1
Lana Del Rey,Black Beauty,2010s,2014,2010s,100,1
Playboi Carti,Yah Mean,2010s,2017,2010s,100,1
The Weeknd,Timeless (with Playboi Carti),2010s,,,0,0
Lana Del Rey,Summertime Sadness,2010s,2012,2010s,100,1
Lil Baby,Drip Too Hard (Lil Baby & Gunna),2010s,,,0,0
Carly Rae Jepsen,Run Away with Me,2010s,2015,2010s,100,1
Charli XCX,Yuck,2010s,2022,2020s,100,1
BLACKPINK,PLAYING WITH FIRE,2010s,2017,2010s,100,1
Future,The Percocet & Stripper Joint,2010s,2015,2010s,100,1
Future,Codeine Crazy,2010s,2014,2010s,100,1
Halsey,SUGA's Interlude,2010s,2019,2010s,100,1
j-hope,Killin' It Girl (feat. GloRilla),2010s,,,0,0
XXXTENTACION,Fuck Love (Feat. Trippie Redd),2010s,,,0,0
Charli XCX,claws,2010s,2020,2020s,100,1
j-hope,Hope World,2010s,2018,2010s,100,1
A$AP Rocky,LVL,2010s,2013,2010s,100,1
Joji,Gimme Love,2010s,2020,2020s,100,1
SZA,Prom,2010s,2017,2010s,100,1
Juice WRLD,Girl of My Dreams (with Suga of BTS),2010s,,,0,0
j-hope,Blue Side (Outro),2010s,2018,2010s,100,1
Lana Del Rey,Salvatore,2010s,2015,2010s,100,1
Billie Eilish,Male Fantasy,2010s,2021,2020s,100,1
j-hope,= (Equal Sign),2010s,2022,2020s,100,1
BLACKPINK,Hard To Love,2010s,2022,2020s,100,1
Lana Del Rey,Radio,2010s,2012,2010s,100,1
Lil Nas X,INDUSTRY BABY,2010s,2021,2020s,100,1
Joji,Will He,2010s,2017,2010s,100,1
Playboi Carti,Place,2010s,2020,2020s,100,1
Charli XCX,Everything is romantic,2010s,2024,2020s,100,1
Harry Styles,From the Dining Table,2010s,2017,2010s,100,1
Lil Yachty,Flex Up (feat. Future & Playboi Carti),2010s,,,0,0
j-hope,Airplane,2010s,2018,2010s,100,1
Charli XCX,Beg for You (feat. Rina Sawayama),2010s,,,0,0
A$AP Rocky,Jukebox Joints (feat. Joe Fox & Kanye West),2010s,,,0,0
Playboi Carti,TOXIC (with Skepta),2010s,,,0,0
Lana Del Rey,Diet Mountain Dew,2010s,2012,2010s,100,1
Lorde,Writer in the Dark,2010s,2017,2010s,100,1
BLACKPINK,Pretty Savage,2010s,2020,2020s,100,1
"Tyler, The Creator",911 / Mr. Lonely (feat. Frank Ocean & Steve Lacy),2010s,,,0,0
Lana Del Rey,Did you know that there's a tunnel under Ocean Blvd,2010s,2022,2020s,100,1
BLACKPINK,BOOMBAYAH,2010s,2016,2010s,100,1
Charli XCX,Talk talk featuring troye sivan,2010s,,,0,0
Lorde,Sober,2010s,2017,2010s,100,1
Bryson Tiller,Sorrows,2010s,2020,2020s,100,1
Lana Del Rey,Margaret (feat. Bleachers),2010s,,,0,0
SZA,Garden (Say It Like Dat),2010s,2017,2010s,100,1
Troye Sivan,Got Me Started,2010s,2023,2020s,100,1
Playboi Carti,New Choppa,2010s,2017,2010s,100,1
The Weeknd,Coming Down,2010s,2011,2010s,100,1
Dua Lipa,Hallucinate,2010s,2020,2020s,100,1
BTS,House Of Cards (Full Length Edition),2010s,2016,2010s,100,1
Doja Cat,You Right,2010s,2021,2020s,100,1
21 Savage,Rich Nigga Shit (feat. Young Thug),2010s,,,0,0
BLACKPINK,Forever Young,2010s,2018,2010s,100,1
j-hope,i wonder... (with Jung Kook of BTS),2010s,,,0,0
twenty one pilots,Routines in the Night,2010s,2024,2020s,100,1
twenty one pilots,Next Semester,2010s,2024,2020s,100,1
j-hope,항상 (HANGSANG),2010s,2018,2010s,100,1
j-hope,Base Line,2010s,2018,2010s,100,1
Frank Ocean,Super Rich Kids,2010s,2012,2010s,100,1
Frank Ocean,Skyline To,2010s,2016,2010s,100,1
Charli XCX,Vroom Vroom,2010s,2016,2010s,100,1
Lorde,Hard Feelings/Loveless,2010s,2017,2010s,100,1
BLACKPINK,Tally,2010s,2022,2020s,100,1
Mac Miller,Congratulations (feat. Bilal),2010s,,,0,0
Doja Cat,Been Like This,2010s,2021,2020s,100,1
J. Cole,m y . l i f e (with 21 Savage & Morray),2010s,,,0,0
Camila Cabello,I LUV IT (feat. Playboi Carti),2010s,,,0,0
Lana Del Rey,Dark Paradise,2010s,2012,2010s,100,1
Playboi Carti,FlatBed Freestyle,2010s,2018,2010s,100,1
Charli XCX,Constant Repeat,2010s,2022,2020s,100,1
The Weeknd,Timeless (feat Playboi Carti),2010s,,,0,0
Frank Ocean,Close to You,2010s,2016,2010s,100,1
Bad Bunny,Ojitos Lindos,2010s,2022,2020s,100,1
Joji,YUKON (INTERLUDE),2010s,2022,2020s,100,1
BLACKPINK,Don't Know What to Do,2010s,2019,2010s,100,1
PSY,That That (prod. & feat. SUGA of BTS),2010s,,,0,0
Bryson Tiller,Right My Wrongs,2010s,2015,2010s,100,1
Metro Boomin,I Can't Save You (Interlude) [with Future & feat. Don Toliver],2010s,,,0,0
Lorde,Mood Ring,2010s,2021,2020s,100,1
Juice WRLD,Black & White,2010s,2018,2010s,100,1
Metro Boomin,Metro Spider (with Young Thug),2010s,,,0,0
Frank Ocean,Crack Rock,2010s,2012,2010s,100,1
Frank Ocean,Moon River,2010s,2018,2010s,100,1
Doja Cat,Rules,2010s,2019,2010s,100,1
Metro Boomin,Niagara Falls (Foot or 2) [with Travis Scott & 21 Savage],2010s,,,0,0
21 Savage,Runnin,2010s,,,100,0
Lil Uzi Vert,Erase Your Social,2010s,2016,2010s,100,1
Halsey,Lilith,2010s,2021,2020s,100,1
Dua Lipa,Pretty Please,2010s,2020,2020s,100,1
G-Eazy,Tumblr Girls,2010s,2014,2010s,100,1
Juice WRLD,Used To,2010s,2018,2010s,100,1
The Weeknd,House of Balloons / Glass Table Girls,2010s,2011,2010s,100,1
Bad Bunny,Me Porto Bonito,2010s,2022,2020s,100,1
Future,Throw Away,2010s,2014,2010s,100,1
Don Toliver,LV Bag (feat. j-hope of BTS & Pharrell Williams),2010s,,,0,0
Metro Boomin,Raindrops (Insane) [with Travis Scott],2010s,,,0,0
j-hope,Pandora's Box,2010s,2022,2020s,100,1
Young Thug,Pick up the Phone,2010s,2016,2010s,100,1
j-hope,Safety Zone,2010s,2022,2020s,100,1
SZA,Awkward,2010s,2022,2020s,100,1
Future,I Serve the Base,2010s,2015,2010s,100,1
Future,Cinderella,2010s,2024,2020s,100,1
Tory Lanez,Lavender Sunflower,2010s,2021,2020s,100,1
Juice WRLD,Bad Boy (with Young Thug),2010s,,,0,0
twenty one pilots,Backslide,2010s,2024,2020s,100,1
j-hope,Future,2010s,2022,2020s,100,1
j-hope,NEURON (with Gaeko & YOON MIRAE),2010s,,,0,0
Metro Boomin,Self Love (Spider-Man: Across the Spider-Verse) (Metro Boomin & Coi Leray),2010s,,,0,0
Offset,Ric Flair Drip (with Metro Boomin),2010s,,,0,0
Lana Del Rey,Cola,2010s,2009,2000s,100,1
Playboi Carti,JumpOutTheHouse,2010s,2020,2020s,100,1
A Boogie Wit da Hoodie,Still Think About You,2010s,2016,2010s,100,1
A Boogie Wit da Hoodie,Secrets,2010s,2020,2020s,100,1
j-hope,Intro,2010s,2022,2020s,100,1
Bad Bunny,Tití Me Preguntó,2010s,2022,2020s,100,1
Metro Boomin,"Am I Dreaming (Metro Boomin & A$AP Rocky, Roisee)",2010s,,,0,0
Juice WRLD,Bandit (with YoungBoy Never Broke Again),2010s,,,0,0
NewJeans,Hype Boy,2020s,2022,2020s,100,1
NewJeans,Attention,2020s,2022,2020s,100,1
NewJeans,New Jeans,2020s,2023,2020s,100,1
NewJeans,Get Up,2020s,2023,2020s,100,1
NewJeans,Supernatural,2020s,2024,2020s,100,1
NewJeans,Cookie,2020s,2022,2020s,100,1
Baby Keem,family ties (with Kendrick Lamar),2020s,,,0,0
V,Sweet Night,2020s,2020,2020s,100,1
V,Rainy Days,2020s,2023,2020s,100,1
Stray Kids,God’s Menu,2020s,2020,2020s,100,1
NewJeans,Hurt,2020s,2022,2020s,100,1
Stray Kids,MANIAC,2020s,2022,2020s,100,1
Baby Keem,16,2020s,2021,2020s,100,1
$uicideboy$,KILL YOURSELF (Part III),2020s,2015,2010s,100,1
NewJeans,How Sweet,2020s,2024,2020s,100,1
Stray Kids,S-Class,2020s,2023,2020s,100,1
The Kid LAROI,TOO MUCH,2020s,2021,2020s,100,1
V,Blue,2020s,1994,1990s,100,1
V,For Us,2020s,2023,2020s,100,1
Stray Kids,Thunderous,2020s,2021,2020s,100,1
V,It's Definitely You,2020s,2016,2010s,100,1
PARTYNEXTDOOR & Drake,Break from Toronto,2020s,,,0,0
Gracie Abrams,"I miss you, I’m sorry",2020s,2020,2020s,100,1
$uicideboy$,ANTARCTICA,2020s,2016,2010s,100,1
Sleep Token,The Summoning,2020s,2023,2020s,100,1
$uicideboy$,1000 Blunts,2020s,2022,2020s,100,1
Gracie Abrams,Mess It Up,2020s,2021,2020s,100,1
Stray Kids,CASE 143,2020s,2022,2020s,100,1
Sleep Token,Granite,2020s,2023,2020s,100,1
Yeat,Out Thë Way,2020s,2022,2020s,100,1
PARTYNEXTDOOR & Drake,TBH,2020s,,,0,0
$uicideboy$,Avalon,2020s,2021,2020s,100,1
Stray Kids,MIROH,2020s,2019,2010s,100,1
Baby Keem,HONEST,2020s,2019,2010s,100,1
Gracie Abrams,Free Now,2020s,2024,2020s,100,1
Gracie Abrams,I know it won't work,2020s,2023,2020s,100,1
V,Winter Bear,2020s,2019,2010s,100,1
$uicideboy$,My Flaws Burn Through My Skin Like Demonic Flames from Hell,2020s,2015,2010s,100,1
Sabrina Carpenter,Read your Mind,2020s,2022,2020s,100,1
Sleep Token,Alkaline,2020s,2021,2020s,100,1
Gracie Abrams,Feels Like,2020s,2021,2020s,100,1
Sleep Token,Take Me Back to Eden,2020s,2023,2020s,100,1
Gracie Abrams,Blowing Smoke,2020s,2024,2020s,100,1
NewJeans,ASAP,2020s,2023,2020s,100,1
$uicideboy$,Matte Black,2020s,2022,2020s,100,1
Sleep Token,Rain,2020s,2023,2020s,100,1
PARTYNEXTDOOR & Drake,DIE TRYING,2020s,,,0,0
$uicideboy$,"...And To Those I Love, Thanks For Sticking Around",2020s,2020,2020s,100,1
Brent Faiyaz,Clouded,2020s,2020,2020s,100,1
Chappell Roan,Naked in Manhattan,2020s,2022,2020s,100,1
NewJeans,Right Now,2020s,2024,2020s,100,1
$uicideboy$,Runnin' Thru the 7th with My Woadies,2020s,2015,2010s,100,1
Sleep Token,Chokehold,2020s,2023,2020s,100,1
Sleep Token,Aqua Regia,2020s,2023,2020s,100,1
Sabrina Carpenter,Vicious,2020s,2022,2020s,100,1
NewJeans,Bubble Gum,2020s,2024,2020s,100,1
Gracie Abrams,I Told You Things,2020s,2024,2020s,100,1
Stray Kids,"Red Lights (Bang Chan, Hyunjin)",2020s,,,0,0
Noah Kahan,All My Love,2020s,2022,2020s,100,1
Gracie Abrams,Best,2020s,2023,2020s,100,1
Stray Kids,I Like It,2020s,2024,2020s,100,1
Stray Kids,Charmer,2020s,2022,2020s,100,1
Sabrina Carpenter,because i liked a boy,2020s,2022,2020s,100,1
Stray Kids,MEGAVERSE,2020s,2023,2020s,100,1
Stray Kids,DOMINO,2020s,2021,2020s,100,1
V,Snow Flower,2020s,,,0,0
V,Scenery,2020s,2020,2020s,100,1
Chappell Roan,Super Graphic Ultra Modern Girl,2020s,2023,2020s,100,1
Gracie Abrams,Let It Happen,2020s,2024,2020s,100,1
Gracie Abrams,21,2020s,2020,2020s,100,1
$uicideboy$,CLYDE (I Hope At Least One of My Ex-Girlfriends Hears This),2020s,2015,2010s,100,1
PARTYNEXTDOOR & Drake,Belong to the City,2020s,,,0,0
Gracie Abrams,Where do we go now?,2020s,2023,2020s,100,1
Gracie Abrams,Tough Love,2020s,2024,2020s,100,1
PARTYNEXTDOOR & Drake,M a k e I t T o T h e M o r n i n g,2020s,,,0,0
Sabrina Carpenter,Tornado Warnings,2020s,2022,2020s,100,1
$uicideboy$,FOR THE LAST TIME,2020s,2017,2010s,100,1
Yeat,Turban,2020s,2021,2020s,100,1
Stray Kids,"TASTE (Lee Know, Hyunjin, Felix)",2020s,,,0,0
Steve Lacy,Infrunami,2020s,2020,2020s,100,1
Noah Kahan,Orange Juice,2020s,2022,2020s,100,1
$uicideboy$,PARIS,2020s,2015,2010s,100,1
Sleep Token,The Apparition,2020s,2023,2020s,100,1
Steve Lacy,Some,2020s,2016,2010s,100,1
Gracie Abrams,Camden,2020s,2021,2020s,100,1
Stray Kids,Walkin On Water,2020s,2024,2020s,100,1
Stray Kids,Back Door,2020s,2020,2020s,100,1
Sabrina Carpenter,emails i can’t send,2020s,2022,2020s,100,1
Baby Keem,trademark usa,2020s,2021,2020s,100,1
Noah Kahan,Homesick,2020s,2022,2020s,100,1
Stray Kids,Easy,2020s,2020,2020s,100,1
$uicideboy$,"NEW CHAINS, SAME SHACKLES",2020s,2017,2010s,100,1
Yeat,If We Being Rëal,2020s,2024,2020s,100,1
Steve Lacy,C U Girl,2020s,2015,2010s,100,1
Sabrina Carpenter,Fast Times,2020s,2022,2020s,100,1
Yeat,Flawlëss (feat. Lil Uzi Vert),2020s,,,0,0
Sleep Token,Ascensionism,2020s,2023,2020s,100,1
Yeat,Gët Busy,2020s,2021,2020s,100,1
The Kid LAROI,GO (feat. Juice WRLD),2020s,,,0,0
$uicideboy$,That Just isn't Empirically Possible,2020s,2020,2020s,100,1
The Kid LAROI,STAY (with Justin Bieber),2020s,,,0,0
Gracie Abrams,Block me out,2020s,2022,2020s,100,1
Stray Kids,VENOM,2020s,2022,2020s,100,1
Stray Kids,Hall of Fame,2020s,2023,2020s,100,1
Gracie Abrams,Rockland,2020s,2021,2020s,100,1
Sleep Token,Vore,2020s,2023,2020s,100,1
Noah Kahan,New Perspective,2020s,2022,2020s,100,1
$uicideboy$,Not Even Ghosts Are This Empty,2020s,2023,2020s,100,1
Chappell Roan,Picture You,2020s,2023,2020s,100,1
Chappell Roan,After Midnight,2020s,2023,2020s,100,1
Stray Kids,Silent Cry,2020s,2021,2020s,100,1
Yeat,Monëy So Big,2020s,2021,2020s,100,1
Gracie Abrams,"I Knew It, I Know You",2020s,2024,2020s,100,1
Stray Kids,TOPLINE (feat. Tiger JK),2020s,,,0,0
Sabrina Carpenter,Already Over,2020s,2022,2020s,100,1
Gracie Abrams,Difficult,2020s,2022,2020s,100,1
Stray Kids,Cover Me,2020s,2023,2020s,100,1
Stray Kids,Super Bowl,2020s,2023,2020s,100,1
Tate McRae,Just Keep Watching (From F1® The Movie),2020s,,,0,0
Tate McRae,Siren sounds (bonus),2020s,,,0,0
Noah Kahan,Call Your Mom,2020s,2023,2020s,100,1
Yeat,U could tëll,2020s,2021,2020s,100,1
Stray Kids,Collision,2020s,2023,2020s,100,1
Brent Faiyaz,Been Away,2020s,2020,2020s,100,1
Sleep Token,Hypnosis,2020s,2021,2020s,100,1
Sabrina Carpenter,opposite,2020s,2023,2020s,100,1
$uicideboy$,Ugliest,2020s,2021,2020s,100,1
Sleep Token,Euclid,2020s,2023,2020s,100,1
Brent Faiyaz,Trust,2020s,2018,2010s,100,1
Sabrina Carpenter,decode,2020s,2022,2020s,100,1
Stray Kids,JJAM,2020s,2024,2020s,100,1
Stray Kids,ITEM,2020s,2023,2020s,100,1
Tate McRae,hurt my feelings,2020s,2023,2020s,100,1
Yeat,Nun Id Change,2020s,2023,2020s,100,1
Stray Kids,Mixtape : OH,2020s,2021,2020s,100,1
Gracie Abrams,Right Now,2020s,2023,2020s,100,1
Noah Kahan,The View Between Villages,2020s,2022,2020s,100,1
Noah Kahan,Growing Sideways,2020s,2022,2020s,100,1
Stray Kids,CHEESE,2020s,2021,2020s,100,1
Stray Kids,WOLFGANG,2020s,2021,2020s,100,1
Brent Faiyaz,Poison,2020s,2016,2010s,100,1
Gracie Abrams,I should hate you,2020s,2023,2020s,100,1
Malcolm Todd,Roommates,2020s,2023,2020s,100,1
Noah Kahan,Maine,2020s,2020,2020s,100,1
Yeat,Cmon,2020s,2021,2020s,100,1
Sleep Token,The Offering,2020s,2019,2010s,100,1
$uicideboy$,Fucking Your Culture,2020s,2022,2020s,100,1
Brent Faiyaz,Best Time,2020s,2023,2020s,100,1
Brent Faiyaz,Rehab (Winter In Paris),2020s,2020,2020s,100,1
$uicideboy$,"Are You Going to See the Rose in the Vase, or the Dust on the Table",2020s,2024,2020s,100,1
Brent Faiyaz,"Gravity (feat. Tyler, The Creator)",2020s,,,0,0
$uicideboy$,"All That Glitters Is Not Gold, But It's Still Damn Beautiful",2020s,2016,2010s,100,1
Stray Kids,Hellevator,2020s,2017,2010s,100,1
Stray Kids,Side Effects,2020s,,,0,0
Sleep Token,Sugar,2020s,2019,2010s,100,1
Stray Kids,Mountains,2020s,2024,2020s,100,1
$uicideboy$,2ND HAND,2020s,2017,2010s,100,1
Yeat,On tha linë,2020s,2022,2020s,100,1
Baby Keem,STATS,2020s,2019,2010s,100,1
Sleep Token,Atlantic,2020s,2021,2020s,100,1
$uicideboy$,Carrollton,2020s,2018,2010s,100,1
Tate McRae,think later,2020s,2023,2020s,100,1
Yeat,Mysëlf,2020s,2023,2020s,100,1
Gracie Abrams,For Real This Time,2020s,2021,2020s,100,1
Yeat,Sorry Bout That,2020s,2021,2020s,100,1
Stray Kids,CIRCUS,2020s,2022,2020s,100,1
Stray Kids,Social Path,2020s,2023,2020s,100,1
Brent Faiyaz,Dead Man Walking,2020s,2020,2020s,100,1
NewJeans,Zero,2020s,2023,2020s,100,1
Noah Kahan,Paul Revere,2020s,2023,2020s,100,1
$uicideboy$,O PANA!,2020s,2016,2010s,100,1
Stray Kids,Levanter,2020s,2019,2010s,100,1
Gracie Abrams,Full machine,2020s,2023,2020s,100,1
Stray Kids,"3RACHA (Bang Chan, Changbin, Han)",2020s,,,0,0
Sleep Token,Blood Sport,2020s,2019,2010s,100,1
$uicideboy$,COMA,2020s,2018,2010s,100,1
Stray Kids,Christmas EveL,2020s,2021,2020s,100,1
PARTYNEXTDOOR & Drake,Dreamin,2020s,,,0,0
Steve Lacy,Mercury,2020s,2022,2020s,100,1
Stray Kids,FREEZE,2020s,2022,2020s,100,1
Sleep Token,Give,2020s,2019,2010s,100,1
Stray Kids,My Pace,2020s,2018,2010s,100,1
$uicideboy$,The Number You Have Dialed Is Not in Service,2020s,2021,2020s,100,1
Gracie Abrams,Cool,2020s,2024,2020s,100,1
Steve Lacy,Helmet,2020s,2022,2020s,100,1
Gracie Abrams,This Is What The Drugs Are For,2020s,2023,2020s,100,1
Sleep Token,The Love You Want,2020s,2021,2020s,100,1
Yeat,COMË N GO,2020s,2025,2020s,100,1
Sabrina Carpenter,bet u wanna,2020s,2022,2020s,100,1
Tate McRae,I know love (feat. The Kid LAROI),2020s,,,0,0
Sleep Token,Jaws,2020s,2018,2010s,100,1
Sabrina Carpenter,skinny dipping,2020s,2021,2020s,100,1
Stray Kids,Come Play (from the series Arcane League of Legends),2020s,,,0,0
Sleep Token,Dark Signs,2020s,2019,2010s,100,1
Tate McRae,guilty conscience,2020s,2023,2020s,100,1
$uicideboy$,Putrid Pride,2020s,2020,2020s,100,1
Gracie Abrams,Will you cry?,2020s,2023,2020s,100,1
Noah Kahan,No Complaints,2020s,2023,2020s,100,1
Stray Kids,Double Knot,2020s,2019,2010s,100,1
Sleep Token,Higher,2020s,2019,2010s,100,1
Tate McRae,we're not alike,2020s,2023,2020s,100,1
Sleep Token,The Night Does Not Belong to God,2020s,2019,2010s,100,1
$uicideboy$,$outh $ide $uicide,2020s,,,0,0
$uicideboy$,Materialism as a Means to an End,2020s,2021,2020s,100,1
$uicideboy$,Mount Sinai,2020s,2015,2010s,100,1
Stray Kids,District 9,2020s,2018,2010s,100,1
Steve Lacy,Ryd,2020s,2017,2010s,100,1
Yeat,Doublë,2020s,2022,2020s,100,1
Sleep Token,Missing Limbs,2020s,2021,2020s,100,1
Sleep Token,Descending,2020s,2021,2020s,100,1
$uicideboy$,Memoirs of a Gorilla,2020s,2016,2010s,100,1
Zach Bryan,Heading South,2020s,2019,2010s,100,1
King Von,Don't Play That,2020s,2022,2020s,100,1
Zach Bryan,Revival,2020s,2020,2020s,100,1
Stray Kids,Stray Kids,2020s,2024,2020s,100,1
Baby Keem,vent,2020s,2021,2020s,100,1
Gracie Abrams,Long Sleeves,2020s,2020,2020s,100,1
Sleep Token,Fall For Me,2020s,2021,2020s,100,1
Baby Keem,lost souls,2020s,2021,2020s,100,1
Yeat,Money Twërk,2020s,2021,2020s,100,1
Yeat,Swërved It,2020s,2021,2020s,100,1
Baby Keem,range brothers (with Kendrick Lamar),2020s,,,0,0
$uicideboy$,5 Grand at 8 to 1,2020s,2021,2020s,100,1
$uicideboy$,Kill Yourself (Part IV),2020s,2016,2010s,100,1
Tate McRae,cut my hair,2020s,2023,2020s,100,1
Noah Kahan,"Your Needs, My Needs",2020s,2023,2020s,100,1
$uicideboy$,122 DAYS,2020s,2018,2010s,100,1
$uicideboy$,NOW I'M UP TO MY NECK WITH OFFERS,2020s,2017,2010s,100,1
Gracie Abrams,the bottom,2020s,2021,2020s,100,1
Gracie Abrams,Better,2020s,2021,2020s,100,1
V,White Christmas,2020s,2019,2010s,100,1
Pop Smoke,Invincible,2020s,2020,2020s,100,1
Yeat,Big Tonka (feat. Lil Uzi Vert),2020s,,,0,0
Sleep Token,DYWTYLM,2020s,2023,2020s,100,1
Sleep Token,High Water,2020s,2021,2020s,100,1
PARTYNEXTDOOR & Drake,Her Way,2020s,,,0,0
$uicideboy$,Diemonds,2020s,2015,2010s,100,1
Steve Lacy,Sunshine (feat. Fousheé),2020s,,,0,0
Sleep Token,Mine,2020s,2021,2020s,100,1
Malcolm Todd,Bleed (feat. Omar Apollo),2020s,,,0,0
Tate McRae,No I'm not in love,2020s,2025,2020s,100,1
Gracie Abrams,The Blue,2020s,2023,2020s,100,1
Sleep Token,Telomeres,2020s,2021,2020s,100,1
Steve Lacy,N Side,2020s,2019,2010s,100,1
King Von,"Crazy Story, Pt. 3",2020s,2019,2010s,100,1
Pop Smoke,Element,2020s,2020,2020s,100,1
Brent Faiyaz,Forever Yours,2020s,2023,2020s,100,1
Yeat,Dëserve it,2020s,2021,2020s,100,1
PARTYNEXTDOOR & Drake,Wus Good / Curious,2020s,,,0,0
Sabrina Carpenter,things i wish you said,2020s,2023,2020s,100,1
